REGISTER_NAME,LIQ_NUM,OFF_LIQ_NUM,LIQ_NAME,LIQ_START_DT,OFF_LIQ_START_DT,LIQ_STATUS,LIQ_SUSP_DT,LIQ_ADD_LOCAL,LIQ_ADD_STATE,LIQ_ADD_PCODE,LIQ_ADD_COUNTRY,LIQ_FIRM
Liquidator,480116,0,"ABBOTT, LACHLAN CHARLES MACARTHUR",2015-11-18,,APPR,,CANBERRA,ACT,2601,Australia,KORDAMENTHA
Liquidator,423914,0,"ABEYRATNE, JEREMY ROBERT",2012-08-14,,APPR,,SOUTH MELBOURNE,VIC,3205,Australia,
Liquidator,316769,0,"ADAMS, MATT JOHN",2007-09-13,,APPR,,NORTH SYDNEY,NSW,2060,Australia,AS ADVISORY PTY LTD
Liquidator,548548,0,"AGOSTINO, ANNA",2023-06-30,,APPR,,ADELAIDE,SA,5000,Australia,CH ADVISORY PTY LTD
Liquidator,190669,0,"ALBARRAN, RICHARD",1999-08-19,,APPR,,SYDNEY,NSW,2000,Australia,HALL CHADWICK
Liquidator,523090,0,"ALFONSO, ERWIN ROMMEL",2020-08-17,,APPR,,PARRAMATTA,NSW,2150,Australia,SMITH HANCOCK
Liquidator,224498,0,"ALGERI, SALVATORE",2002-12-11,,APPR,,MELBOURNE,VIC,3000,Australia,DELOITTE SRT PTY LTD
Liquidator,494511,0,"ALLEN, PAUL ANTHONY",2017-02-23,,APPR,,MELBOURNE,VIC,3000,Australia,PKF MELBOURNE
Liquidator,541557,0,"ALLMARK, NICOLE JANE",2022-09-28,,APPR,,PERTH,WA,6000,Australia,RODGERS REIDY (WA) PTY LTD
Liquidator,291917,0,"AMIRBEAGGI, SHABNAM",2005-08-25,,APPR,,SYDNEY,NSW,2000,Australia,CROUCH AMIRBEAGGI
Liquidator,495163,0,"ANDERSEN, SCOTT",2017-02-24,,APPR,,GEELONG,VIC,3220,Australia,WORRELLS
Liquidator,15578,0,"ANDERSON, GARY JOHN",1992-04-30,,APPR,,PERTH,WA,6000,Australia,
Liquidator,495171,0,"ANDERSON, TRAVIS ADRIAN",2017-02-13,,APPR,,HOBART,TAS,7001,Australia,DELOITTE TOUCHE TOHMATSU
Liquidator,8652,16448,"ANDREWS, GREGORY STUART",1984-10-23,1992-10-13,APPR,,CARLTON,VIC,3053,Australia,
Liquidator,538128,0,"ANDREWS, LUKE FRANCIS",2022-06-14,,APPR,,MELBOURNE,VIC,3000,Australia,
Liquidator,494804,0,"ARCHER, JARVIS LEE",2017-02-23,,APPR,,PEREGIAN BEACH,QLD,4573,Australia,BUSINESS RESET
Liquidator,334632,0,"ARMENIS, HUGH",2009-07-08,,APPR,,SYDNEY,NSW,2000,Australia,SV PARTNERS
Liquidator,273322,0,"ARNAUTOVIC, SULE",2004-05-05,,APPR,,SYDNEY,NSW,2000,Australia,SALEA ADVISORY
Liquidator,552599,0,"ASPER, HAYDEN GREGORY",2023-12-22,,APPR,,NEWCASTLE,NSW,2300,Australia,
Liquidator,337982,340113,"AYRES, MARCUS WILLIAM",2009-08-17,2009-08-25,APPR,,SYDNEY,NSW,2000,Australia,ARCIS ADVISORY PTY LIMITED
Liquidator,541397,0,"BAGALA, ANTONIO",2022-09-28,,APPR,,PARRAMATTA,NSW,2150,Australia,DVT MCLEODS
Liquidator,492243,0,"BAILEY, LIAM THOMAS",2016-11-28,,APPR,,SYDNEY,NSW,2000,Australia,O'BRIEN PALMER
Liquidator,543519,0,"BAILY, CLARE ANNE",2022-12-23,,APPR,,PERTH,WA,6000,Australia,ERNST & YOUNG
Liquidator,539617,0,"BAINBRIDGE, LINDSAY STEPHEN",2022-06-30,,APPR,,DOCKLANDS,VIC,3008,Australia,PITCHER PARTNERS
Liquidator,291739,314810,"BALL, MITCHELL WARREN",2005-08-10,2007-06-28,APPR,,SYDNEY,NSW,2000,Australia,MACKAY GOODWIN
Liquidator,477104,0,"BANERJEE, SHUMIT",2015-08-11,,APPR,,SYDNEY,NSW,2000,Australia,WESTBURN ADVISORY PTY LTD
Liquidator,465164,0,"BARLEY, ANNE-MARIE JANE",2014-10-24,,APPR,,EIGHT MILE PLAINS,QLD,4113,Australia,AMB INSOLVENCY PTY LTD
Liquidator,318903,318904,"BARNDEN, ANDREW JAMES",2007-11-07,2007-11-07,APPR,,SYDNEY,NSW,2000,Australia,RODGERS REIDY
Liquidator,281382,0,"BARNET, KATHERINE ELIZABETH",2004-11-03,,APPR,,SYDNEY,NSW,2000,Australia,
Liquidator,212231,294728,"BASEDOW, MICHAEL OSCAR",2001-08-17,2005-10-25,APPR,,ADELAIDE,SA,5000,Australia,PITCHER PARTNERS
Liquidator,466951,0,"BASKERVILLE, CHRISTOPHER JOHN",2014-12-16,,APPR,,BRISBANE,QLD,4000,Australia,JIRSCH SUTHERLAND
Liquidator,404223,0,"BAXENDALE, GUY ANTHONY",2011-05-31,,APPR,,SYDNEY,NSW,2000,Australia,
Liquidator,566800,0,"BAZOUNI, STEVEN",2025-07-02,,APPR,,PARRAMATTA,NSW,2150,Australia,SMITH HANCOCK PTY LIMITED
Liquidator,317239,333412,"BEATTIE, GRAEME ROBERT",2009-01-28,2009-01-28,APPR,,PARRAMATTA,NSW,2150,Australia,WORRELLS (NSW/ACT) PTY LIMITED
Liquidator,414344,425070,"BECK, ANDREW WILLIAM",2011-12-22,2012-07-27,APPR,,MELBOURNE,VIC,3000,Australia,
Liquidator,529971,0,"BECK, MICHAEL JOHN",2021-06-11,,APPR,,ROCKHAMPTON,QLD,4700,Australia,
Liquidator,446230,0,"BELLAMY, LIAM WILLIAM PAUL",2013-10-31,,APPR,,MELBOURNE,VIC,3000,Australia,MACKAY GOODWIN
Liquidator,526814,0,"BERGIN, CHRISTOPHER STEPHEN",2020-12-21,,APPR,,DOCKLANDS,VIC,3008,Australia,CATHRO & PARTNERS PTY LIMITED
Liquidator,223088,294675,"BETTLES, JASON WALTER",2002-08-28,2005-10-20,APPR,,ROBINA,QLD,4226,Australia,WORRELLS QLD
Liquidator,483437,485563,"BILLINGSLEY, MICHAEL JAMES",2016-03-01,2016-03-29,APPR,,SYDNEY,NSW,2000,Australia,OLVERA ADVISORS
Liquidator,519260,0,"BIRCH, THOMAS DONALD",2020-03-06,,APPR,,PERTH,WA,6000,Australia,COR CORDIS
Liquidator,464005,0,"BISE, AHMED",2014-12-22,,APPR,,MELBOURNE,VIC,3000,Australia,HM ADVISORY PTY LTD
Liquidator,214591,295716,"BLAKELEY, ROSS ANDREW",2002-02-08,2005-12-01,APPR,,MELBOURNE,VIC,3000,Australia,FTI CONSULTING (AUSTRALIA) PTY LIMITED
Liquidator,519248,0,"BLUM, MATHEW DIETER WINDSOR",2020-03-06,,APPR,,MELBOURNE,VIC,3000,Australia,BDO BUSINESS RESTRUCTURING PTY LTD
Liquidator,517075,0,"BLUNDELL, ANDREW THOMAS",2019-09-04,,APPR,,SYDNEY,NSW,2000,Australia,CATHRO & PARTNERS PTY LIMITED
Liquidator,332101,334631,"BOLWELL, CRAIG IVOR",2009-02-12,2009-02-19,APPR,,SOUTH YARRA,VIC,3141,Australia,BOLWELL CORPORATE ADVISORY PTY LTD
Liquidator,462141,0,"BOOKLESS, MATTHEW JOHN",2014-09-29,,APPR,,SOUTHPORT,QLD,4215,Australia,SV PARTNERS
Liquidator,312368,0,"BOWCHER, ANDREW JOHN",2007-06-29,,APPR,,WAGGA WAGGA,NSW,2650,Australia,RSM AUSTRALIA PARTNERS
Liquidator,487101,487102,"BOYLE, SHAUN WILLIAM",2016-07-28,2016-07-28,APPR,,WEST PERTH,WA,6005,Australia,BRI FERRIER WESTERN AUSTRALIA
Liquidator,491552,0,"BRACE, TIMOTHY JAMES",2016-12-02,,APPR,,MELBOURNE,VIC,3000,Australia,SV PARTNERS
Liquidator,495360,0,"BRADBURY, RYAN JOHN",2017-02-28,,APPR,,SYDNEY,NSW,2000,Australia,
Liquidator,536814,0,"BRADD, TIMOTHY JAMES",2022-03-11,,APPR,,DOCKLANDS,VIC,3008,Australia,PITCHER PARTNERS
Liquidator,494513,0,"BRAUER, ROBERT CONRY",2017-02-16,,APPR,,PERTH,WA,6000,Australia,
Liquidator,449186,451892,"BREDENKAMP, DANIEL JOHANNES",2014-02-24,2014-02-25,APPR,,PERTH,WA,6000,Australia,PITCHER PARTNERS
Liquidator,325507,334747,"BRENNAN, MICHAEL JOSEPH",2009-02-06,2009-02-25,APPR,,TOWNSVILLE CITY,QLD,4810,Australia,
Liquidator,557145,0,"BRENNAN, MICHAEL WILLIAM LEE",2024-06-04,,APPR,,COFFS HARBOUR,NSW,2450,Australia,CLOUT ADVISORY
Liquidator,195416,0,"BRENNAN, ROBERT MICHAEL",2000-02-09,,APPR,,FRENCHS FOREST,NSW,2086,Australia,
Liquidator,549323,0,"BRERETON, MARK ANDREW",2023-08-02,,APPR,,MELBOURNE,VIC,3000,Australia,HOGANSPROWLES PTY LTD
Liquidator,285744,0,"BRERETON, MICHAEL CRAIG",2005-03-04,,APPR,,SYDNEY,NSW,2000,Australia,WILLIAM BUCK RESTRUCTURING & INSOLVENCY (NSW) PTY
Liquidator,405635,0,"BROOKS, SHELLEY-MAREE",2011-06-29,,APPR,,HOBART,TAS,7000,Australia,RODGERS REIDY (TAS) PTY. LTD.
Liquidator,311189,0,"BRYANT, DANIEL MATHEW",2007-04-12,,APPR,,MELBOURNE,VIC,3000,Australia,TENEO
Liquidator,555441,0,"BRYANT, DAVID JOHN",2024-08-12,,APPR,,PERTH,WA,6000,Australia,ANKURA CONSULTING (AUSTRALIA) PTY LTD
Liquidator,422223,0,"BUMBAK, JOHN ALLAN",2012-07-26,,APPR,,PERTH,WA,6000,Australia,KORDAMENTHA
Liquidator,338594,0,"BURDETT, RACHEL ELIZABETH",2010-03-19,,APPR,,MELBOURNE,VIC,3000,Australia,COR CORDIS
Liquidator,160116,222986,"BURNESS, PAUL ANDREW",1996-02-26,2002-09-06,APPR,,MELBOURNE,VIC,3000,Australia,WORRELLS
Liquidator,322913,0,"BYRNES, MATTHEW JAMES",2008-04-07,,APPR,,DOCKLANDS,VIC,3008,Australia,GRANT THORNTON
Liquidator,554866,0,"BYRON, DESMOND",2024-04-12,,APPR,,PEREGIAN BEACH,QLD,4573,Australia,BUSINESS RESET PTY LTD
Liquidator,338012,0,"CADDY, MATTHEW WAYNE",2009-08-17,,APPR,,MELBOURNE,VIC,3000,Australia,MCGRATHNICOL
Liquidator,336268,336552,"CALABRETTA, DOMENICO ALESSANDRO",2009-05-13,2009-05-14,APPR,,SYDNEY,NSW,2000,Australia,MACKAY GOODWIN
Liquidator,535522,0,"CALVERT, KIARA MELALEUCA",2021-12-24,,APPR,,BATTERY POINT,TAS,7004,Australia,
Liquidator,422921,422922,"CALVISI, DINO BERARDINO",2012-06-22,2012-06-22,APPR,,RINGWOOD,VIC,3134,Australia,PALADIN ADVISORY
Liquidator,166374,0,"CAMERON, ANDREW ROBERT",1996-12-12,,APPR,,CAULFIELD NORTH,VIC,3161,Australia,
Liquidator,513815,0,"CAMPBELL, BENJAMIN PETER",2019-07-05,,APPR,,BRISBANE,QLD,4000,Australia,FTI CONSULTING
Liquidator,319617,320832,"CAMPBELL-WILSON, PHILIP",2007-11-23,2007-12-19,APPR,,THE ROCKS,NSW,2000,Australia,GRANT THORNTON AUSTRALIA LIMITED
Liquidator,8772,187436,"CANT, ANTHONY ROBERT",1987-07-07,1999-05-19,APPR,,MELBOURNE,VIC,3000,Australia,ROMANIS CANT
Liquidator,495046,0,"CANTONE, DOMINIC",2017-02-24,,APPR,,ADELAIDE,SA,5000,Australia,ORACLE INSOLVENCY SERVICES PTY LTD
Liquidator,341947,341949,"CARRAFA, MICHAEL",2009-12-16,2009-12-16,APPR,,MELBOURNE,VIC,3000,Australia,
Liquidator,82334,165762,"CARRELLO, GIOVANNI MAURIZIO",1994-11-17,1996-10-29,APPR,,WEST PERTH,WA,6005,Australia,BRI FERRIER WESTERN AUSTRALIA
Liquidator,570190,0,"CARROLL, ANTONETTA",2025-09-10,,APPR,,PERTH,WA,6000,Australia,FTI CONSULTING (AUSTRALIA) PTY LTD
Liquidator,526010,0,"CARRUTHERS, BENJAMIN FORSTER",2020-11-19,,APPR,,MOUNT HAWTHORN,WA,6016,Australia,
Liquidator,480627,480628,"CARSON, BENJAMIN MICHAEL",2015-12-08,2015-12-08,APPR,,DRUMMOYNE,NSW,2047,Australia,FARNSWORTH CARSON
Liquidator,288735,315147,"CARTER, MOIRA KATHLEEN",2005-05-30,2007-07-17,APPR,,TOWNSVILLE,QLD,4810,Australia,BRI FERRIER NQ
Liquidator,67603,0,"CARTER, PHILIP PATRICK",1993-10-11,,APPR,,SYDNEY,NSW,2000,Australia,TENEO
Liquidator,485110,0,"CASPANEY, MICHAEL JOHN",2016-05-13,,APPR,,HOPE ISLAND,QLD,4212,Australia,MENZIES ADVISORY PTY LTD
Liquidator,278428,0,"CATHRO, SIMON JOHN",2004-07-23,,APPR,,SYDNEY,NSW,2000,Australia,CATHRO & PARTNERS PTY LIMITED
Liquidator,206127,0,"CAUCHI, RICHARD JOHN",2000-12-11,,APPR,,MELBOURNE,VIC,3000,Australia,
Liquidator,519839,0,"CHAMBAL, ABDUL REMANE REMTULA",2020-03-10,,APPR,,BRISBANE,QLD,4000,Australia,SV PARTNERS
Liquidator,68923,164916,"CHAMBERLAIN, CHRISTOPHER MEL",1994-01-19,1996-08-22,APPR,,WAGGA WAGGA,NSW,2650,Australia,CHAMBERLAINS - S.B.R
Liquidator,555157,0,"CHAN, RITA",2024-04-10,,APPR,,MELBOURNE,VIC,3000,Australia,WORRELLS SOLVENCY & FORENSIC ACCOUNTANTS (VIC) PTY
Liquidator,565732,0,"CHAN, SHIJUN",2025-07-25,,APPR,,SYDNEY,NSW,2000,Australia,HELM ADVISORY PTY LTD
Liquidator,526735,0,"CHAND, JOHN STEVENS",2020-12-21,,APPR,,SYDNEY,NSW,2000,Australia,GREENGATE ADVISORY (NSW) PTY LTD
Liquidator,558949,0,"CHARLWOOD, NICHOLAS RAYMOND FREDERICK",2024-08-09,,APPR,,SYDNEY,NSW,2000,Australia,
Liquidator,318681,0,"CHESSER, LEANNE KYLIE",2007-10-23,,APPR,,MELBOURNE,VIC,3000,Australia,KORDAMENTHA
Liquidator,437790,0,"CHIN, KONG YAO",2013-06-04,,APPR,,PENNANT HILLS,NSW,2120,Australia,EAGLE INSOLVENCY AND ADVISORY PTY LTD
Liquidator,532185,0,"CHOU, ERNIE KIERSTON",2021-08-16,,APPR,,PENRITH,NSW,2750,Australia,EKC ADVISORY
Liquidator,518446,0,"CHUA, KAILY LYN",2019-12-06,,APPR,,BRISBANE,QLD,4000,Australia,RODGERS REIDY
Liquidator,168657,0,"CHUBB, MORGAN JAMES",1997-04-15,,APPR,,COFFS HARBOUR,NSW,2450,Australia,
Liquidator,4592,0,"CLOUT, DAVID LEWIS",1982-11-29,,APPR,,BRISBANE CITY,QLD,4000,Australia,
Liquidator,540980,0,"CLOUT, SCOTT MATTHEW",2022-09-07,,APPR,,BRISBANE CITY,QLD,4000,Australia,
Liquidator,488055,0,"CLUBB, DUNCAN EDWARD",2016-08-10,,APPR,,SYDNEY,NSW,2000,Australia,
Liquidator,15767,0,"COAD, SIMON ROGER",1991-08-30,,APPR,,OSBORNE PARK,WA,6017,Australia,
Liquidator,419577,419578,"COLBRAN, JONATHON KINGSLEY",2012-05-25,2012-05-25,APPR,,DEAKIN,ACT,2600,Australia,RSM AUSTRALIA PARTNERS
Liquidator,549277,0,"COLLEY, ADAM JOHN",2023-08-31,,APPR,,SYDNEY,NSW,2000,Australia,TENEO
Liquidator,56026,0,"COLLIS, BRYAN PATRICK",1993-03-19,,APPR,,ELIZABETH BAY,NSW,2011,Australia,COLLIS ADVISORY
Liquidator,211986,0,"COLWELL, WILLIAM MARTIN",2001-07-11,,APPR,,BRISBANE,QLD,4000,Australia,KPMG
Liquidator,179844,200825,"COMBIS, NICK",1998-07-10,2000-07-31,APPR,,BRISBANE,QLD,4000,Australia,VINCENTS
Liquidator,4905,16181,"CONDON, SCHON GREGORY",1986-07-07,1992-11-03,APPR,,PARRAMATTA,NSW,2150,Australia,DVT MCLEODS
Liquidator,514640,0,"CONEYWORTH, AMANDA GONI",2019-05-13,,APPR,,SYDNEY,NSW,2000,Australia,KPMG
Liquidator,521312,0,"CONNEELY, CATHERINE MARGARET",2020-05-22,,APPR,,SYDNEY,NSW,2000,Australia,
Liquidator,410893,0,"CONNELLY, ANTHONY NORMAN",2011-11-09,,APPR,,BRISBANE CITY,QLD,4000,Australia,MCGRATHNICOL
Liquidator,451313,0,"CONRAD, BENJAMIN JOSEPH",2014-03-12,,APPR,,MELBOURNE,VIC,3000,Australia,A.S. ADVISORY PTY LTD
Liquidator,307258,0,"COOK, CHRISTOPHER RICHARD",2006-11-21,,APPR,,BRISBANE,QLD,4000,Australia,WORRELLS QLD
Liquidator,480624,0,"COOK, TIMOTHY JAMES",2015-11-06,,APPR,,SYDNEY,NSW,2000,Australia,
Liquidator,220390,297711,"COOPER, MARK FRASER",2002-06-17,2006-02-09,APPR,,HOBART,TAS,7000,Australia,FRASERS INSOLVENCY ADVISORY
Liquidator,218261,279429,"COOPER, NICHOLAS DAVID",2002-05-03,2004-08-31,APPR,,ADELAIDE,SA,5000,Australia,ORACLE INSOLVENCY SERVICES PTY LTD
Liquidator,421144,0,"COPELAND, BRENDAN JAMES",2012-06-01,,APPR,,PARRAMATTA,NSW,2150,Australia,
Liquidator,546031,0,"CORMACK, ADAM KENNETH",2023-05-19,,APPR,,DEAKIN,ACT,2600,Australia,RSM AUSTRALIA PARTNERS
Liquidator,426644,0,"COTTER, WILLIAM PAUL",2012-09-07,,APPR,,WOOLLOONGABBA,QLD,4102,Australia,
Liquidator,296411,0,"COYNE, DAVID JOHN",2005-12-06,,APPR,,MELBOURNE,VIC,3000,Australia,BRI FERRIER PTY LTD
Liquidator,318981,0,"CRAWFORD, KEITH ALEXANDER",2007-11-28,,APPR,,MELBOURNE,VIC,3000,Australia,MCGRATHNICOL
Liquidator,401566,401567,"CREMIN, SHANE JUSTIN",2011-05-03,2011-05-03,APPR,,MELBOURNE,VIC,3000,Australia,RODGERS REIDY
Liquidator,455542,0,"CRICHTON, CAMERON ALEXANDER",2014-06-06,,APPR,,BRISBANE,QLD,4000,Australia,GRANT THORNTON
Liquidator,165552,190301,"CRISP, GLENN ANTHONY",1996-10-09,1999-08-13,APPR,,MELBOURNE,VIC,3000,Australia,JIRSCH SUTHERLAND & CO
Liquidator,548750,0,"CRISPINO, ROBERTO",2023-07-19,,APPR,,MELBOURNE,VIC,3000,Australia,HALL CHADWICK (NSW) PTY LTD
Liquidator,208364,296671,"CROSBIE, CRAIG DAVID",2001-03-14,2006-02-27,APPR,,MELBOURNE,VIC,3000,Australia,TENEO
Liquidator,493699,0,"CROSTHWAITE, LEE ANDREW",2017-01-23,,APPR,,BRISBANE,QLD,4000,Australia,WORRELLS QLD
Liquidator,206515,0,"CROUCH, NICHOLAS JAMES DAVID",2000-12-22,,APPR,,SYDNEY,NSW,2000,Australia,CROUCH AMIRBEAGGI
Liquidator,275986,0,"CROWE-MAXWELL, ATLE",2004-06-30,,APPR,,SYDNEY,NSW,2000,Australia,DBA RECONSTRUCTION AND ADVISORY
Liquidator,527109,0,"CULL, INNIS ANTHONY",2021-02-25,,APPR,,MELBOURNE,VIC,3000,Australia,
Liquidator,169877,336379,"CUMMINS, ANDREW JOHN",1997-06-24,2009-05-27,APPR,,SYDNEY,NSW,2000,Australia,NOVABRIF PTY LIMITED
Liquidator,206136,0,"CURRIE, IAN ALEXANDER",2000-12-11,,APPR,,BRISBANE,QLD,4000,Australia,
Liquidator,59346,186180,"CUSSEN, NEIL ROBERT",1993-06-09,1999-03-04,APPR,,SYDNEY,NSW,2000,Australia,OLVERA ADVISORS PTY LIMITED
Liquidator,16404,0,"CVITANOVIC, DANIEL IVAN",1992-10-29,,APPR,,WOLLONGONG,NSW,2500,Australia,WORRELLS SOLVENCY & FORENSIC ACCOUNTANTS
Liquidator,533712,0,"D'SOUZA, LEON",2021-10-05,,APPR,,MELBOURNE,VIC,3000,Australia,HAMILTON MURPHY ADVISORY
Liquidator,498510,0,"DAMPNEY, JAMES DOUGLAS",2017-12-13,,APPR,,SYDNEY,NSW,2000,Australia,
Liquidator,524045,0,"DANIEL, MURRAY RICHARD",2020-10-20,,APPR,,WOOLLOONGABBA,QLD,4102,Australia,ROBSON COTTER INSOLVENCY GROUP PTY. LTD.
Liquidator,160016,329855,"DARIN, CHRISTOPHER DAMIEN",1996-01-15,2008-10-14,APPR,,SYDNEY,NSW,2000,Australia,WORRELLS (NSW/ACT) PTY LIMITED
Liquidator,564947,0,"DAVIE, PHILIP MICHAEL",2025-06-24,,APPR,,PERTH,WA,6000,Australia,RSM AUSTRALIA PARTNERS
Liquidator,345489,0,"DAVIS, GEOFFREY ROBERT",2010-04-30,,APPR,,SYDNEY,NSW,2000,Australia,BCR ADVISORY
Liquidator,441313,0,"DAWSON, THOMAS JAMES",2013-09-23,,APPR,,SYDNEY,NSW,2000,Australia,SMALL BUSINESS RESTRUCTURING SPECIALISTS
Liquidator,385388,0,"DEANE, SHANE LESLIE",2011-06-17,,APPR,,HAWTHORN EAST,VIC,3123,Australia,DYE & CO
Liquidator,417988,0,"DEPPELER, NATHAN LEE",2012-05-03,,APPR,,BALLARAT,VIC,3350,Australia,WORRELLS
Liquidator,345616,0,"DEVINE, TRENT ANDREW",2010-04-29,,APPR,,SYDNEY,NSW,2000,Australia,JIRSCH SUTHERLAND & CO
Liquidator,442441,0,"DI CARLO, RENEE SARAH",2013-09-03,,APPR,,MELBOURNE,VIC,3000,Australia,RODGERS REIDY
Liquidator,390469,0,"DICKERSON, GAYLE",2011-01-06,,APPR,,SYDNEY,NSW,2000,Australia,
Liquidator,327771,402941,"DITRICH, ROBERT SCOTT",2008-09-08,2011-04-27,APPR,,MELBOURNE,VIC,3000,Australia,TENEO
Liquidator,16321,0,"DIVITKOS, GEORGE",1992-09-08,,APPR,,ADELAIDE,SA,5000,Australia,SV PARTNERS SA PTY LTD
Liquidator,279363,297958,"DIXON, STEPHEN ROBERT",2004-08-23,2006-03-09,APPR,,MELBOURNE,VIC,3000,Australia,HM ADVISORY PTY LTD
Liquidator,325728,0,"DJENAB, ALTAN",2008-06-19,,APPR,,MOONEE PONDS,VIC,3039,Australia,
Liquidator,546455,0,"DOMINISH, AARON JOSEPH",2023-05-04,,APPR,,PERTH,WA,6000,Australia,HALL CHADWICK (NSW) PTY LTD
Liquidator,328136,0,"DONNELLY, MATTHEW JAMES",2008-10-30,,APPR,,DUNCRAIG,WA,6023,Australia,
Liquidator,192668,0,"DOPKING, STEFAN",1999-10-22,,APPR,,BRISBANE,QLD,4000,Australia,BRI FERRIER SOUTHERN QUEENSLAND
Liquidator,8739,67131,"DOWNEY, JAMES PATRICK",1986-06-27,1993-10-29,APPR,,MELBOURNE,VIC,3000,Australia,J P DOWNEY & CO
Liquidator,326371,331453,"DUDLEY, GREGORY BRUCE",2008-10-13,2008-10-29,APPR,,PERTH,WA,6000,Australia,RSM AUSTRALIA PARTNERS
Liquidator,53454,0,"DUDMAN, LEIGH WILLIAM",1993-02-05,,APPR,,MELBOURNE,VIC,3000,Australia,HM ADVISORY PTY LTD
Liquidator,217322,0,"DUGGAN, ROBYN LOUISE",2002-03-20,,APPR,,SYDNEY,NSW,2000,Australia,ERNST & YOUNG
Liquidator,417339,419270,"DULLAWAY, MICHAEL",2012-03-16,2012-03-29,APPR,,BRISBANE,QLD,4001,Australia,PEARCE & HEERS
Liquidator,15047,57695,"DUNCAN, STEPHEN JAMES",1988-08-31,1993-03-03,APPR,,ADELAIDE,SA,5000,Australia,DUNCAN POWELL
Liquidator,335366,0,"DUNN, JOANNE EMILY",2009-07-01,,APPR,,BRISBANE,QLD,4000,Australia,
Liquidator,389543,0,"EAGLE, RYAN REGINALD",2011-01-06,,APPR,,SYDNEY,NSW,2000,Australia,KPMG
Liquidator,526801,0,"EAREL, STEPHEN PHILLIP",2020-12-11,,APPR,,BRISBANE,QLD,4000,Australia,COR CORDIS PTY LTD
Liquidator,495041,0,"EDDS, STEPHEN WILLIAM",2017-02-23,,APPR,,SYDNEY,NSW,2000,Australia,
Liquidator,224309,0,"ELKERTON, ANTHONY WAYNE",2002-11-21,,APPR,,SYDNEY,NSW,2000,Australia,
Liquidator,16354,0,"ERSKINE, ROBYN-LEE",1992-07-27,,APPR,,MELBOURNE,VIC,3000,Australia,RSM AUSTRALIA PARTNERS
Liquidator,286542,0,"ESZENYI, THEODORA ALICE",2005-04-29,,APPR,,ADELAIDE,SA,5000,Australia,
Liquidator,507744,0,"EVANS, KATHRYN JANE",2018-08-22,,APPR,,SYDNEY,NSW,2000,Australia,FTI CONSULTING
Liquidator,528514,0,"EVERINGHAM, MARK KENNETH JOHN",2021-04-13,,APPR,,ST LEONARDS,NSW,2065,Australia,TPH ENTERPRISES PTY LTD
Liquidator,288527,0,"FARNSWORTH, ADAM EDWARD PATRICK",2005-05-17,,APPR,,DRUMMOYNE,NSW,2047,Australia,FARNSWORTH CARSON
Liquidator,560037,0,"FARRUGIA, FRANK",2024-08-30,,APPR,,SYDNEY,NSW,2000,Australia,EMGEJAY PTY LIMITED
Liquidator,5692,0,"FERGUSON, ROBERT ANTHONY",1986-01-06,,APPR,,ADELAIDE,SA,5000,Australia,FERGUSON HANNAM
Liquidator,561317,0,"FERNANDO, SHAUN",2024-10-17,,APPR,,MELBOURNE,VIC,3000,Australia,
Liquidator,16075,194011,"FETTES, GARY STEPHEN",1992-05-21,1999-12-16,APPR,,MELBOURNE,VIC,3000,Australia,RODGERS REIDY
Liquidator,424090,0,"FIELD, MALCOLM",2012-08-09,,APPR,,PERTH,WA,6000,Australia,SV PARTNERS WA PTY LTD
Liquidator,556999,0,"FIELD, XAVIER PATRICK",2024-07-29,,APPR,,MELBOURNE,VIC,3000,Australia,BDO BUSINESS RESTRUCTURING PTY LTD
Liquidator,52586,88277,"FIELDING, ANDREW PETER",1993-01-05,1995-04-04,APPR,,BRISBANE,QLD,4000,Australia,BDO BUSINESS RESTRUCTURING PTY LTD
Liquidator,160587,0,"FITZGERALD, LAURENCE ANDREW",1996-04-10,,APPR,,MELBOURNE,VIC,3000,Australia,
Liquidator,413443,0,"FORD, MARTIN FRANCIS",2012-01-09,,APPR,,MELBOURNE,VIC,3000,Australia,TENEO
Liquidator,78263,169163,"FRANCIS, IAN CHARLES",1995-03-27,1997-06-24,APPR,,PERTH,WA,6000,Australia,FTI CONSULTING
Liquidator,350452,384918,"FRANKLIN, GLENN JEFFREY",2010-07-20,2010-10-15,APPR,,MELBOURNE,VIC,3000,Australia,
Liquidator,275605,0,"FRASER, SHAUN ROBERT",2004-05-26,,APPR,,SYDNEY,NSW,2000,Australia,MCGRATHNICOL
Liquidator,275434,296759,"FREE, STEWART WILLIAM",2004-05-31,2005-12-21,APPR,,NEWCASTLE,NSW,2300,Australia,JIRSCH SUTHERLAND & CO
Liquidator,417293,0,"FREEMAN, SAMUEL JOHN",2012-02-13,,APPR,,PERTH,WA,6000,Australia,
Liquidator,493926,0,"FRISKEN, DANIEL JOHN",2017-02-01,,APPR,,SYDNEY,NSW,2000,Australia,
Liquidator,325634,0,"FRYER, NICHOLAS LEWIS",2008-09-04,,APPR,,ADELAIDE,SA,5000,Australia,SHEAHAN LOCK PARTNERS
Liquidator,334654,0,"FUNG, MICHAEL",2009-07-09,,APPR,,MELBOURNE,VIC,3000,Australia,
Liquidator,415679,0,"GAMMEL, TODD ANDREW",2012-02-29,,APPR,,SYDNEY,NSW,2000,Australia,HLB MANN JUDD
Liquidator,194125,0,"GEORGES, GEORGE",1999-12-16,,APPR,,MELBOURNE,VIC,3000,Australia,
Liquidator,527073,0,"GHEDIA, RAJIV",2021-02-11,,APPR,,SYDNEY,NSW,2000,Australia,
Liquidator,187522,0,"GIASOUMI, NICHOLAS",1999-04-29,,APPR,,HAWTHORN EAST,VIC,3123,Australia,DYE & CO. PTY LTD
Liquidator,559206,0,"GIBB, LISA MARIE",2024-08-09,,APPR,,THE ROCKS,NSW,2000,Australia,GRANT THORNTON AUSTRALIA LIMITED
Liquidator,4917,0,"GIBBONS, JOHN RAYMOND",1987-06-03,,APPR,,SYDNEY,NSW,2000,Australia,RESTRUCTURING WORKS
Liquidator,417233,0,"GIBSON, MARK ANDREW",2012-04-05,,APPR,,PERTH,WA,6000,Australia,COR CORDIS
Liquidator,172870,0,"GIDLEY, PAUL WILLIAM",1997-11-28,,APPR,,CHARLESTOWN,NSW,2290,Australia,SHAW GIDLEY
Liquidator,541691,0,"GILL, REBECCA LOUISE",2022-09-20,,APPR,,MELBOURNE,VIC,3000,Australia,TENEO
Liquidator,328487,377389,"GLADMAN, STEVEN ARTHUR",2008-08-14,2010-08-11,APPR,,SYDNEY,NSW,2000,Australia,HALL CHADWICK
Liquidator,418679,418680,"GLAVAS, IVAN",2012-05-21,2012-05-22,APPR,,MELBOURNE,VIC,3000,Australia,WORRELLS
Liquidator,223358,299530,"GLEESON, BRUCE",2002-11-21,2006-04-03,APPR,,SYDNEY,NSW,2000,Australia,JONES PARTNERS INSOLVENCY & RESTRUCTURING
Liquidator,441142,448126,"GOGGIN, JOHN JOSEPH",2013-10-10,2013-11-19,APPR,,CAIRNS,QLD,4870,Australia,WORRELLS
Liquidator,339259,0,"GOLLANT, MATHEW TERENCE",2009-09-23,,APPR,,MELBOURNE,VIC,3000,Australia,
Liquidator,54206,166893,"GOODIN, PETER ANDREW",1992-12-07,1997-03-12,APPR,,NUNAWADING,VIC,3131,Australia,MAGNETIC INSOLVENCY
Liquidator,299947,322603,"GORDON, ANGUS CARNEGIE",2006-05-11,2008-03-18,APPR,,SYDNEY,NSW,2000,Australia,MACQUARIE GORDON & CO
Liquidator,324021,0,"GOTHARD, PETER JAMES",2008-08-15,,APPR,,SYDNEY,NSW,2000,Australia,
Liquidator,284377,0,"GOUNTZOS, PETER",2005-01-31,,APPR,,MELBOURNE,VIC,3000,Australia,
Liquidator,323696,0,"GOYAL, RAHUL",2008-05-09,,APPR,,SYDNEY,NSW,2000,Australia,
Liquidator,526231,0,"GOYAL, RAJIV",2020-10-13,,APPR,,SYDNEY,NSW,2000,Australia,OLVERA ADVISORS PTY LIMITED
Liquidator,398478,0,"GRANGER, GEOFFREY PETER",2011-02-28,,APPR,,SYDNEY,NSW,2000,Australia,DISSOLVE PTY LTD
Liquidator,520219,0,"GRANT, IAN GRAHAM",2020-04-07,,APPR,,DANDENONG SOUTH,VIC,3175,Australia,VINCE & ASSOCIATES PTY LTD
Liquidator,274981,0,"GRANT, ROGER DARREN",2004-05-19,,APPR,,GLEN WAVERLEY,VIC,3150,Australia,ORANGE TREE INSOLVENCY PTY LTD
Liquidator,486228,0,"GRAY, CAMERON HAMISH",2016-05-26,,APPR,,SYDNEY,NSW,2000,Australia,HM ADVISORY PTY LTD
Liquidator,55418,0,"GREIG, JOHN LETHBRIDGE",1993-01-27,,APPR,,BRISBANE CITY,QLD,4000,Australia,DELOITTE SRT PTY LTD
Liquidator,176823,0,"GRIFFIN, MICHAEL JOHN",1998-03-13,,APPR,,BRISBANE,QLD,4000,Australia,WORRELLS QLD
Liquidator,414171,0,"GRIFFITHS, MITCHELL RICHMOND",2012-02-06,,APPR,,NEWCASTLE,NSW,2300,Australia,RAPSEY GRIFFITHS
Liquidator,413779,0,"GROHOVAZ, MELANIE SAMANTHA",2011-12-22,,APPR,,MOUNT CLAREMONT,WA,6010,Australia,
Liquidator,313688,0,"GUMBLETON, TIMOTHY ROBERT",2007-07-25,,APPR,,WAGGA WAGGA,NSW,2650,Australia,
Liquidator,56185,425604,"GYSS, NICHOLAS DAVID",1993-03-24,2012-08-14,APPR,,ADELAIDE,SA,5000,Australia,
Liquidator,563389,0,"HAINES, CHARLES DAVID CONNOP",2025-06-08,,APPR,,BRISBANE CITY,QLD,4000,Australia,BDO ADMINISTRATION PTY LTD
Liquidator,289882,309068,"HAMBLETON, DAVID JAMES",2005-06-21,2007-01-10,APPR,,BRISBANE,QLD,4000,Australia,RODGERS REIDY
Liquidator,166358,295189,"HAMILTON, BARRY KENNETH",1996-12-05,2005-11-02,APPR,,BATTERY POINT,TAS,7004,Australia,
Liquidator,495042,0,"HAMMOND, DANE ARTHUR",2017-02-15,,APPR,,MAROOCHYDORE,QLD,4558,Australia,WORRELLS QLD
Liquidator,438334,0,"HAMS, SEBASTIAN DAVID",2013-07-10,,APPR,,MELBOURNE,VIC,3000,Australia,KORDAMENTHA PTY LTD
Liquidator,65306,164798,"HANCOCK, GEOFFREY TRENT",1993-08-20,1997-06-24,APPR,,SYDNEY,NSW,2000,Australia,JIRSCH SUTHERLAND
Liquidator,531171,0,"HANNA, MANUEL",2021-07-26,,APPR,,MELBOURNE,VIC,3000,Australia,ROMANIS CANT
Liquidator,341349,0,"HANNAM, CRAIG WILLIAM",2009-11-18,,APPR,,ADELAIDE,SA,5000,Australia,FERGUSON HANNAM
Liquidator,479192,0,"HANSELL, JOSEPH RONALD",2015-10-23,,APPR,,SYDNEY,NSW,2000,Australia,
Liquidator,524586,0,"HANSON, ANDREW GERARD",2020-10-01,,APPR,,BRISBANE,QLD,4000,Australia,ERNST & YOUNG
Liquidator,539554,0,"HARDY, DAVID ALEXANDER",2022-06-23,,APPR,,DOCKLANDS,VIC,3008,Australia,KPMG AUSTRALIAN SERVICES PTY LTD
Liquidator,522232,0,"HARLOND, PAUL STUART",2020-06-12,,APPR,,MELBOURNE,VIC,3000,Australia,FTI CONSULTING
Liquidator,276402,0,"HARRIS, WILLIAM JAMES",2004-06-10,,APPR,,BRISBANE CITY,QLD,4000,Australia,MCGRATHNICOL
Liquidator,312168,316215,"HATHWAY, STEPHEN WESLEY",2007-05-25,2007-08-03,APPR,,SYDNEY,NSW,2000,Australia,
Liquidator,284145,434242,"HAYES, ALAN JOHN",2005-03-11,2013-02-13,APPR,,SYDNEY,NSW,2000,Australia,HAYES ADVISORY PTY LTD
Liquidator,219954,0,"HAYES, JOSEPH DAVID",2002-09-13,,APPR,,SYDNEY,NSW,2000,Australia,
Liquidator,542000,0,"HAZELL, MAHALA RACHEL",2022-11-08,,APPR,,BRISBANE CITY,QLD,4000,Australia,TENEO FINANCIAL ADVISORY AUSTRALIA PTY LTD
Liquidator,503546,0,"HEALEY, LIAM JOHN",2018-04-12,,APPR,,SYDNEY,NSW,2000,Australia,
Liquidator,192640,245541,"HEARD, ANDREW JAMES",1999-10-21,2004-03-25,APPR,,ADELAIDE,SA,5000,Australia,
Liquidator,478622,0,"HEENAN, TIMOTHY JOSEPH",2015-10-08,,APPR,,BRISBANE CITY,QLD,4000,Australia,DELOITTE SRT PTY LTD
Liquidator,309873,0,"HEESH, TIMOTHY PAUL",2007-06-28,,APPR,,ST LEONARDS,NSW,2065,Australia,TPH ADVISORY
Liquidator,72493,156261,"HELLEN, BRADLEY VINCENT",1994-02-18,1996-02-20,APPR,,BRISBANE,QLD,4000,Australia,PILOT PARTNERS
Liquidator,515968,0,"HENRY, JONATHAN PHILIP",2019-09-03,,APPR,,SYDNEY,NSW,2000,Australia,MCGRATHNICOL
Liquidator,384744,0,"HERRETT, MITCHELL MACKENZIE",2010-11-22,,APPR,,BRISBANE CITY,QLD,4000,Australia,RSM AUSTRALIA PARTNERS
Liquidator,218030,0,"HEWITT, ANDREW",2002-05-03,,APPR,,DOCKLANDS,VIC,3008,Australia,GRANT THORNTON
Liquidator,566803,0,"HEWSON, PAUL CONRAD",2025-08-25,,APPR,,SYDNEY,NSW,2000,Australia,KORDAMENTHA PTY LTD
Liquidator,549616,0,"HILET, BRODIE LUKE",2023-09-21,,APPR,,MELBOURNE,VIC,3000,Australia,RODGERS REIDY (VIC) SERVICES PTY LTD
Liquidator,297834,0,"HILL, CHRISTOPHER CLARKE",2006-05-02,,APPR,,SYDNEY,NSW,2000,Australia,FTI CONSULTING
Liquidator,206836,0,"HILL, MICHAEL JOHN",2001-01-16,,APPR,,BRISBANE CITY,QLD,4000,Australia,MCGRATHNICOL
Liquidator,172662,295395,"HILLIG, PETER",1997-11-04,2005-11-09,APPR,,PARRAMATTA,NSW,2150,Australia,SMITH HANCOCK
Liquidator,296214,0,"HIRD, MICHAEL CHARLES",2006-04-21,,APPR,,SYDNEY,NSW,2000,Australia,CAS CAP ADVISORY
Liquidator,557946,0,"HO, BENJAMIN",2024-08-19,,APPR,,SYDNEY,NSW,2000,Australia,
Liquidator,282581,0,"HODGKINSON, DAMIEN MARK",2004-11-25,,APPR,,SYDNEY,NSW,2000,Australia,
Liquidator,454751,0,"HODGSON, DAVID MARK",2014-04-17,,APPR,,PERTH,WA,6000,Australia,GRANT THORNTON
Liquidator,473873,0,"HOGAN, MICHAEL ANDREW",2015-04-29,,APPR,,SYDNEY,NSW,2000,Australia,
Liquidator,284673,0,"HOLDEN, TIMOTHY MARK SHUTTLEWORTH",2005-02-08,,APPR,,SYDNEY,NSW,2000,Australia,CROUCH AMIRBEAGGI PTY LIMITED
Liquidator,530738,0,"HOLLAND, MARK ALFRED",2021-07-07,,APPR,,BRISBANE CITY,QLD,4000,Australia,MCGRATHNICOL SERVICES PTY LTD
Liquidator,522936,0,"HOLMES, SEAN",2021-03-19,,APPR,,PERTH,WA,6000,Australia,ALVAREZ & MARSAL AUSTRALIA
Liquidator,407103,0,"HOLZMAN, JUSTIN",2011-09-15,,APPR,,SYDNEY,NSW,2000,Australia,HOLZMAN ADVISORY
Liquidator,569627,0,"HONE, ASJADI",2025-09-08,,APPR,,SYDNEY,NSW,2000,Australia,FTI CONSULTING (AUSTRALIA) PTY LTD
Liquidator,442229,0,"HONNER, WILLIAM ANTHONY",2013-08-13,,APPR,,SYDNEY,NSW,2000,Australia,TENEO
Liquidator,363165,0,"HOSKING, PHILIP RAYMOND",2010-11-10,,APPR,,SYDNEY,NSW,2000,Australia,
Liquidator,384163,0,"HOWARTH, JON BRENNAN",2010-10-27,,APPR,,MELBOURNE,VIC,3000,Australia,
Liquidator,335273,336128,"HOWELL, MALCOLM KIMBAL",2009-04-21,2009-04-21,APPR,,MELBOURNE,VIC,3000,Australia,JIRSCH SUTHERLAND & CO
Liquidator,383475,0,"HOWLETT, JUSTIN",2010-10-12,,APPR,,MELBOURNE,VIC,3000,Australia,
Liquidator,554287,0,"HUANG, NELSON",2024-04-24,,APPR,,SYDNEY,NSW,2000,Australia,MACKAY GOODWIN PTY LTD
Liquidator,558202,0,"HUDSON, MATTHEW CHARLES",2024-07-11,,APPR,,BRISBANE CITY,QLD,4000,Australia,SV PARTNERS PTY LTD
Liquidator,181417,224627,"HUGHES, BRYAN KEVIN",1998-09-01,2003-02-11,APPR,,PERTH,WA,6000,Australia,101 ADVISORY PTY LTD
Liquidator,326810,329087,"HUGHES, RICHARD JOHN",2008-07-24,2008-08-21,APPR,,BRISBANE CITY,QLD,4000,Australia,DELOITTE SRT PTY LTD
Liquidator,441132,441133,"HUMANN, MELISSA JANET MARY",2013-09-17,2013-09-17,APPR,,SYDNEY,NSW,2000,Australia,TENEO
Liquidator,296240,297670,"HUNDY, STEPHEN JOHN",2005-12-15,2006-02-01,APPR,,CANBERRA,ACT,2601,Australia,WORRELLS
Liquidator,438015,0,"HUNTER, ADRIAN ROBERT",2013-07-02,,APPR,,MELBOURNE,VIC,3000,Australia,RSM AUSTRALIA PARTNERS
Liquidator,172863,0,"HURST, DAVID ANTHONY",1997-10-09,,APPR,,SYDNEY,NSW,2000,Australia,MACKAY GOODWIN
Liquidator,14831,0,"HURT, DAVID ASHLEY NORMAN",1982-11-16,,APPR,,PERTH,WA,6000,Australia,WA INSOLVENCY SOLUTIONS
Liquidator,443814,0,"HUSSAIN, MOHAMMED SHAHIN",2013-09-11,,APPR,,BRISBANE,QLD,4000,Australia,H&H ADVISORY
Liquidator,208511,0,"HUTSON, ROBERT WILLIAM",2001-03-16,,APPR,,BRISBANE,QLD,4000,Australia,KORDAMENTHA
Liquidator,527022,0,"HUTTON, MATTHEW RUSSELL",2020-12-24,,APPR,,MELBOURNE,VIC,3000,Australia,MCGRATHNICOL SERVICES PTY LTD
Liquidator,559213,0,"HUYNH, BRUCE SAM",2024-10-01,,APPR,,SYDNEY,NSW,2000,Australia,
Liquidator,215933,416521,"IMRAY, JAMES MARC",2002-01-29,2012-01-18,APPR,,BRISBANE,QLD,4001,Australia,RODGERS REIDY
Liquidator,368278,0,"INGRAM, DAVID ALLAN",2010-09-16,,APPR,,CARINGBAH,NSW,2229,Australia,I & R ADVISORY
Liquidator,522407,0,"IRELAND, JASON CRAIG",2020-05-29,,APPR,,SYDNEY,NSW,2000,Australia,MCGRATHNICOL
Liquidator,483949,0,"ISMAY, BENJAMIN JOSHUA",2016-03-16,,APPR,,PORT MACQUARIE,NSW,2444,Australia,
Liquidator,493180,0,"JACKSON, JONATHAN ANDREW",2016-12-16,,APPR,,HAWTHORN EAST,VIC,3123,Australia,
Liquidator,172661,0,"JACOBS, ROBERT ALLAN",1997-11-04,,APPR,,WEST PERTH,WA,6005,Australia,AUXILIUM PARTNERS
Liquidator,317271,0,"JAHANI, SAID",2007-10-22,,APPR,,THE ROCKS,NSW,2000,Australia,GRANT THORNTON AUSTRALIA LIMITED
Liquidator,218262,314859,"JAMES, JACK ROBERT",2002-05-08,2007-06-28,APPR,,PERTH,WA,6000,Australia,RODGERS REIDY
Liquidator,374865,376527,"JAMES, STEPHEN GLEN",2010-09-14,2010-09-14,APPR,,TORRENSVILLE,SA,5031,Australia,BCR ADVISORY (SA) PTY LTD
Liquidator,293194,328484,"JESS, MATTHEW JAMES",2005-09-13,2008-08-27,APPR,,MELBOURNE,VIC,3000,Australia,WORRELLS
Liquidator,546203,0,"JOHNSON, CHRISTOPHER PETER",2023-04-06,,APPR,,SYDNEY,NSW,2000,Australia,WEXTED ADVISORS
Liquidator,467595,0,"JOHNSON, GREGG ROBERTSON",2015-05-04,,APPR,,TORRENSVILLE,SA,5031,Australia,BCR ADVISORY BANKRUPTCY PTY LTD
Liquidator,525966,0,"JOHNSTON, ADAM LEE",2020-12-01,,APPR,,HOBART,TAS,7000,Australia,APEX ADVISORY AUSTRALIA
Liquidator,530478,0,"JOHNSTONE, DAVID MARTIN",2021-06-21,,APPR,,BRISBANE,QLD,4000,Australia,KORDAMENTHA
Liquidator,203318,0,"JOINER, MATTHEW LESLIE",2000-10-26,,APPR,,BRISBANE CITY,QLD,4000,Australia,COR CORDIS
Liquidator,15239,16349,"JONES, MARTIN BRUCE",1990-12-19,1992-12-24,APPR,,PERTH,WA,6000,Australia,KPMG
Liquidator,4916,5007,"JONES, MICHAEL GREGORY",1987-05-15,1990-10-02,APPR,,SYDNEY,NSW,2000,Australia,JONES PARTNERS INSOLVENCY & RESTRUCTURING
Liquidator,177613,226239,"JONSSON, ANTHONY JAMES",1998-04-06,2003-02-12,APPR,,CAIRNS,QLD,4870,Australia,GRANT THORNTON AUSTRALIA LIMITED
Liquidator,477610,0,"JOSEPH, CLINT PETER",2015-10-07,,APPR,,WEST PERTH,WA,6005,Australia,BRI FERRIER WESTERN AUSTRALIA
Liquidator,293862,295717,"JURATOWITCH, DANIEL PETER",2005-09-27,2005-12-09,APPR,,MELBOURNE,VIC,3000,Australia,COR CORDIS
Liquidator,271317,0,"JUZVA, ANDREW",2004-06-28,,APPR,,CARLTON,VIC,3053,Australia,G S ANDREWS ADVISORY
Liquidator,439746,0,"KANEVSKY, GLEN",2013-08-02,,APPR,,MELBOURNE,VIC,3000,Australia,
Liquidator,482410,0,"KARAGEOZIS, BILL",2016-02-09,,APPR,,BRISBANE CITY,QLD,4000,Australia,DVT MCLEODS
Liquidator,473292,473299,"KASO, SAM",2015-05-12,2015-05-12,APPR,,MELBOURNE,VIC,3000,Australia,
Liquidator,161449,0,"KASSEM, OZEM AZZAM",1996-04-09,,APPR,,SYDNEY,NSW,2000,Australia,
Liquidator,15503,86362,"KAZAR, HENRY JOSEPH",1991-06-14,1995-05-19,APPR,,CANBERRA,ACT,2601,Australia,CATHRO & PARTNERS PTY LTD
Liquidator,471849,0,"KEATING, JOANNE MONICA",2015-04-16,,APPR,,SYDNEY,NSW,2000,Australia,WORRELLS NSW/ACT PTY LTD
Liquidator,524239,0,"KEENAN, JONATHON SHERWOOD",2020-08-31,,APPR,,SYDNEY,NSW,2000,Australia,NOVABRIF PTY LIMITED
Liquidator,281983,0,"KELLY, MORGAN JOHN",2004-12-07,,APPR,,SYDNEY,NSW,2000,Australia,ERNST & YOUNG
Liquidator,197992,0,"KELLY, TODD WILLIAM",2000-04-26,,APPR,,CAIRNS,QLD,4870,Australia,BDO (NTH QLD)
Liquidator,431385,0,"KELSON, KAREN LEANNE",2012-12-07,,APPR,,MELBOURNE,VIC,3000,Australia,KENNEDY RYAN ADVISORY
Liquidator,532153,0,"KENNEDY, DAVID ANTHONY",2021-08-16,,APPR,,SYDNEY,NSW,2000,Australia,ERNST & YOUNG
Liquidator,540729,0,"KERAMOS, NIKITA",2022-09-13,,APPR,,SOUTHPORT,QLD,4215,Australia,DVT MCLEODS
Liquidator,509801,0,"KERSEY, ADAM PETER",2018-10-30,,APPR,,BRISBANE,QLD,4000,Australia,SV PARTNERS
Liquidator,81933,0,"KERSHAW, SCOTT BRADLEY",1994-11-10,,APPR,,SYDNEY,NSW,2000,Australia,KORDAMENTHA
Liquidator,508167,0,"KHATRI, NIKHIL",2018-08-13,,APPR,,BRISBANE,QLD,4000,Australia,WORRELLS (QLD) PTY LTD
Liquidator,65281,153093,"KHATRI, RAJENDRA KUMAR",1993-07-26,1995-05-23,APPR,,BRISBANE,QLD,4000,Australia,WORRELLS SOLVENCY & FORENSIC ACCOUNTANTS.
Liquidator,284454,0,"KIDMAN, DAVID WILLIAM",2005-02-02,,APPR,,ADELAIDE,SA,5000,Australia,
Liquidator,286289,0,"KIJURINA, BRENT TREVOR-ALEX",2005-04-06,,APPR,,SYDNEY,NSW,2000,Australia,HALL CHADWICK
Liquidator,319199,0,"KILLER, GRAHAM ROBERT",2007-11-27,,APPR,,BRISBANE,QLD,4000,Australia,GRANT THORNTON
Liquidator,534472,0,"KING, GAVIN DAVID",2021-10-29,,APPR,,SYDNEY,NSW,2000,Australia,
Liquidator,341257,0,"KIRK, DARRYL EDWARD",2010-02-08,,APPR,,BRISBANE,QLD,4000,Australia,
Liquidator,336852,395673,"KIRMAN, ROBERT MICHAEL",2009-07-03,2011-01-06,APPR,,PERTH,WA,6000,Australia,MCGRATHNICOL
Liquidator,55372,184695,"KITAY, MERVYN JONATHAN",1993-05-06,1998-12-24,APPR,,SOUTH PERTH,WA,6151,Australia,WORRELLS WA
Liquidator,333351,0,"KITE, ROBERT JOHN",2009-01-30,,APPR,,PENRITH,NSW,2750,Australia,KHR INSOLVENCY PTY LTD
Liquidator,495736,0,"KNIGHT, ANDREW LYALL",2017-02-28,,APPR,,MELBOURNE,VIC,3000,Australia,
Liquidator,563727,0,"KNIGHT, MARK THOMAS",2025-03-14,,APPR,,ADELAIDE,SA,5000,Australia,MCGRATHNICOL
Liquidator,421475,0,"KNIGHT, TRACY LEE",2012-06-08,,APPR,,BRISBANE CITY,QLD,4000,Australia,
Liquidator,280256,0,"KOCH, TARQUIN RAOUL",2004-09-28,,APPR,,NORWOOD,SA,5067,Australia,
Liquidator,384878,390488,"KOGAN, BARRY FREDERIC",2010-11-10,2010-12-06,APPR,,SYDNEY,NSW,2000,Australia,MCGRATHNICOL
Liquidator,212235,0,"KOKKINOS, CON",2001-11-27,,APPR,,MELBOURNE,VIC,3000,Australia,WORRELLS
Liquidator,8862,52594,"KORDA, MARK ANTHONY",1989-10-05,1992-11-04,APPR,,MELBOURNE,VIC,3000,Australia,
Liquidator,523507,0,"KORDA, MICHAEL",2020-08-24,,APPR,,MELBOURNE,VIC,3000,Australia,KORDAMENTHA
Liquidator,223004,302588,"KREJCI, PETER PAUL",2002-10-14,2006-07-31,APPR,,SYDNEY,NSW,2000,Australia,NOVABRIF PTY LIMITED
Liquidator,493282,0,"KUCIANSKI, MATTHEW",2016-12-16,,APPR,,MELBOURNE,VIC,3000,Australia,WORRELLS
Liquidator,542126,0,"KUEK, REGINALD WEI SHENG",2022-11-02,,APPR,,PERTH,WA,6000,Australia,RSM AUSTRALIA PARTNERS
Liquidator,296215,0,"KUGEL, STEVEN",2006-08-28,,APPR,,GORDON,NSW,2072,Australia,
Liquidator,327242,0,"KUKULOVSKI, TRAJAN JOHN",2008-08-28,,APPR,,MELBOURNE,VIC,3000,Australia,MACKAY GOODWIN
Liquidator,429239,0,"KUKURA, TRAVIS",2012-11-01,,APPR,,PERTH,WA,6000,Australia,RSM AUSTRALIA PARTNERS
Liquidator,494572,0,"KWOK, HENRY HO LEUNG",2017-02-17,,APPR,,SYDNEY,NSW,2000,Australia,DVT GROUP
Liquidator,484188,0,"LAKOMY, ANDRE LEON",2016-04-20,,APPR,,SYDNEY,NSW,2000,Australia,AL RESTRUCTURING PTY LIMITED
Liquidator,564164,0,"LANCASTER, NICHOLAS DAVID",2025-04-08,,APPR,,BRISBANE CITY,QLD,4000,Australia,RODGERS REIDY (QLD) PTY LTD
Liquidator,480629,480630,"LANE, ANTHONY GRAEME",2015-11-03,2015-11-03,APPR,,CANBERRA,ACT,2601,Australia,BEACON ADVISORY PTY LTD
Liquidator,546047,0,"LANE, DECLAN MORGAN GEORGE",2023-05-31,,APPR,,BRISBANE CITY,QLD,4000,Australia,HELIOS ADVISORY PTY LTD
Liquidator,206155,0,"LANE, MORGAN GERARD",2000-12-11,,APPR,,BRISBANE,QLD,4000,Australia,WORRELLS
Liquidator,490015,0,"LANGDON, PAUL WILLIAM",2016-08-02,,APPR,,DANDENONG SOUTH,VIC,3175,Australia,
Liquidator,414793,0,"LANGDON, SCOTT DAVID HARRY",2012-03-06,,APPR,,SYDNEY,NSW,2000,Australia,KORDAMENTHA
Liquidator,494735,0,"LANGSHAW, ANDREW GEORGE ASHBROOK",2017-02-10,,APPR,,ADELAIDE,SA,5000,Australia,DUNCAN POWELL
Liquidator,163463,182499,"LANTHOIS, PETER JAMES",1996-07-23,1998-10-28,APPR,,ADELAIDE,SA,5000,Australia,
Liquidator,493494,0,"LAU, DAMIEN LEE HOU",2017-01-25,,APPR,,BRISBANE,QLD,9000,Australia,
Liquidator,416683,0,"LAU, POH BEE",2012-03-06,,APPR,,SYDNEY,NSW,2000,Australia,RODGERS REIDY
Liquidator,508615,0,"LAWRENCE, RICHARD JOHN",2018-08-20,,APPR,,MELBOURNE,VIC,3000,Australia,MACKAY GOODWIN PTY LTD
Liquidator,14845,0,"LEDGER, ALAN EDSON",1982-11-04,,APPR,,LEEDERVILLE,WA,6007,Australia,AE LEDGER PTY LTD
Liquidator,490191,0,"LEE, LEON",2016-08-30,,APPR,,BRISBANE,QLD,4000,Australia,MORTON & LEE INSOLVENCY
Liquidator,471759,0,"LESLIE, ASHLEY JADE",2015-03-30,,APPR,,BRISBANE,QLD,4000,Australia,VINCENTS
Liquidator,529524,0,"LEVESQUE-HOCKING, MATTHEW JOHN",2021-06-11,,APPR,,SYDNEY,NSW,2000,Australia,HLB MANN JUDD (NSW) PTY LTD
Liquidator,69121,0,"LEVI, DAVID JOSEPH",1993-11-26,,APPR,,SYDNEY,NSW,2000,Australia,LEVI CONSULTING PTY LIMITED ; LEVI ; DAVID JOSEPH
Liquidator,441137,0,"LIEBERENZ, MARK RUDOLPH",2013-10-08,,APPR,,ADELAIDE,SA,5000,Australia,
Liquidator,172953,296297,"LINDHOLM, JOHN ROSS",1997-11-26,2005-12-23,APPR,,DOCKLANDS,VIC,3008,Australia,KPMG AUSTRALIA
Liquidator,532774,0,"LITOSH, OLGA",2021-09-07,,APPR,,SYDNEY,NSW,2000,Australia,
Liquidator,491691,0,"LIVINGSTONE, GLENN IAN",2016-12-15,,APPR,,SYDNEY,NSW,2000,Australia,
Liquidator,433409,0,"LJUBIC, DRAGAN",2013-02-28,,APPR,,FIVE DOCK,NSW,2046,Australia,TRIBECA ADVISORY PTY LTD
Liquidator,16380,165187,"LO PILATO, FRANK",1993-06-17,1996-09-02,APPR,,DEAKIN,ACT,2600,Australia,RSM BIRD CAMERON PARTNERS
Liquidator,53463,0,"LOEBENSTEIN, JOSEPH",1992-11-09,,APPR,,CAULFIELD NORTH,VIC,3161,Australia,LOEBENSTEIN INSOLVENCY SERVICES PTY. LTD.
Liquidator,563623,0,"LOGAN, REES",2024-11-06,,APPR,,,,0,International,BDO
Liquidator,456372,0,"LOI, PATRICK",2014-07-02,,APPR,,SYDNEY,NSW,2000,Australia,GREENGATE ADVISORY (NSW) PTY LTD
Liquidator,15697,67082,"LOMBE, DAVID JOHN FRANK",1991-08-06,1993-10-27,APPR,,SYDNEY,NSW,2000,Australia,DELOITTE SRT PTY LTD
Liquidator,213173,0,"LONGLEY, STEPHEN GRAHAM",2001-09-27,,APPR,,MELBOURNE,VIC,3000,Australia,TENEO
Liquidator,450441,0,"LOPRESTI, DANIEL",2014-03-28,,APPR,,ADELAIDE,SA,5000,Australia,CLIFTON HALL
Liquidator,324696,0,"LORD, BRETT STEPHEN",2008-06-13,,APPR,,SYDNEY,NSW,2000,Australia,RSM AUSTRALIA PARTNERS
Liquidator,472137,0,"LOTT, AMANDA CAROLINE",2015-03-23,,APPR,,ERINA,NSW,2250,Australia,AUSTRALIAN CORPORATE REHABILITATION & INSOLVENCY S
Liquidator,185323,0,"LOUTTIT, JAMIESON ANDRE",1999-01-25,,APPR,,SYDNEY,NSW,2000,Australia,JLA INSOLVENCY & ADVISORY PTY LIMITED
Liquidator,67947,0,"LOW, JENNIFER ELIZABETH",1994-02-28,,APPR,,PERTH,WA,6000,Australia,SHERIDANS ACCOUNTANTS
Liquidator,447253,0,"LUCAN, AARON KEVIN",2013-11-20,,APPR,,PARRAMATTA,NSW,2150,Australia,WORRELLS
Liquidator,87416,0,"LUCAS, PETER ANTHONY",1995-05-04,,APPR,,BRISBANE,QLD,4000,Australia,P.A. LUCAS & CO. CHARTERED ACCOUNTANTS
Liquidator,382492,0,"MABLESON, TIMOTHY DAVID",2010-10-22,,APPR,,ADELAIDE,SA,5000,Australia,
Liquidator,156279,0,"MACDONNELL, CHRISTOPHER JOHN",1995-10-03,,APPR,,WOLLSTONECRAFT,NSW,2065,Australia,RESTRUCTURING SOLUTIONS
Liquidator,209829,0,"MACKINNON, HAMISH ALAN",2001-05-02,,APPR,,HAWTHORN EAST,VIC,3123,Australia,DYE & CO. PTY LTD
Liquidator,15116,0,"MACKS, PETER IVAN",1990-03-28,,APPR,,ADELAIDE,SA,5000,Australia,
Liquidator,495015,0,"MACNEILL, ANDREW JAMES",2017-02-23,,APPR,,MELBOURNE,VIC,3000,Australia,SMB ADVISORY PTY LTD
Liquidator,4939,16171,"MADDEN, MARTIN",1990-01-05,1992-05-22,APPR,,SYDNEY,NSW,2000,Australia,KORDAMENTHA
Liquidator,347957,0,"MALARKEY, ANDREW",2010-05-21,,APPR,,ASHBURTON,VIC,3147,Australia,ANDREW MALARKEY
Liquidator,494423,0,"MALONE, PETER EDWARD",2017-02-03,,APPR,,NORTH SYDNEY,NSW,2060,Australia,
Liquidator,231231,294921,"MANSFIELD, DAVID IAN",2003-11-20,2005-11-01,APPR,,PARRAMATTA,NSW,2150,Australia,DELOITTE SRT PTY LTD
Liquidator,541318,0,"MANSOOR, MOHAMMAD MIRZAN BIN",2022-09-27,,APPR,,SYDNEY,NSW,2000,Australia,CIRCUIT RESTRUCTURING PTY LTD
Liquidator,212234,0,"MARKEY, NIGEL ROBERT",2001-08-03,,APPR,,BRISBANE,QLD,4000,Australia,PILOT PARTNERS
Liquidator,523481,0,"MARSDEN, JEFFREY PHILLIP",2020-08-12,,APPR,,SYDNEY,NSW,2000,Australia,A.C.N. 050 110 275 LIMITED
Liquidator,437274,0,"MARSDEN, SAM ANDREW",2013-04-12,,APPR,,SYDNEY,NSW,2000,Australia,DELOITTE TOUCHE TOHMATSU
Liquidator,541326,0,"MARSHALL, WAYNE MATHEW JOHN",2022-09-20,,APPR,,SYDNEY,NSW,2000,Australia,HAYES ADVISORY PTY LTD
Liquidator,192287,273551,"MARTIN, HUGH SUTCLIFFE",1999-10-01,2004-04-14,APPR,,ADELAIDE,SA,5000,Australia,BERNARDI MARTIN
Liquidator,564941,0,"MATTA, DANIEL JAMES",2025-09-22,,APPR,,SYDNEY,NSW,2000,Australia,DW ADVISORY
Liquidator,5716,295130,"MATTHEWS, ANTHONY CHRISTOPHER",1983-06-02,2005-11-16,APPR,,ROSE PARK,SA,5067,Australia,
Liquidator,549096,0,"MATTHEWS, SHAUN JAMES",2023-08-09,,APPR,,MELBOURNE,VIC,3000,Australia,COR CORDIS PTY LTD
Liquidator,495488,0,"MATTINSON, ANDREW ROBERT",2017-02-27,,APPR,,MELBOURNE,VIC,3000,Australia,JIRSCH SUTHERLAND
Liquidator,506498,0,"MCCABE, ANDREW JOHN",2018-07-03,,APPR,,SYDNEY,NSW,2000,Australia,WEXTED ADVISORS
Liquidator,408422,0,"MCCALLUM, STEWART ALEXANDER",2011-09-13,,APPR,,MELBOURNE,VIC,3000,Australia,ERNST & YOUNG
Liquidator,478503,0,"MCCALLUM, SUELEN",2015-09-14,,APPR,,PARRAMATTA,NSW,2150,Australia,DVT MCLEODS
Liquidator,182386,0,"MCCANN, MICHAEL GERARD",1998-10-20,,APPR,,BRISBANE,QLD,4000,Australia,GRANT THORNTON
Liquidator,83357,168934,"MCCLUSKEY, PETER DAMIEN",1994-11-25,1997-04-17,APPR,,MELBOURNE,VIC,3001,Australia,
Liquidator,67380,0,"MCDERMOTT, ROSS JOHN",1994-01-24,,APPR,,CARLTON,VIC,3053,Australia,ROSS MCDERMOTT
Liquidator,544256,0,"MCEVOY, ANDREW JAMES",2023-03-23,,APPR,,SYDNEY,NSW,2000,Australia,DELOITTE TOUCHE TOHMATSU
Liquidator,525549,0,"MCGRATH, DAVID PETER",2020-11-20,,APPR,,SYDNEY,NSW,2000,Australia,FTI CONSULTING
Liquidator,473113,0,"MCINERNEY, JOHN EDGAR",2015-05-12,,APPR,,THE ROCKS,NSW,2000,Australia,GRANT THORNTON AUSTRALIA LIMITED
Liquidator,463932,0,"MCKENNA, HENRY PETER",2014-10-31,,APPR,,SYDNEY,NSW,2000,Australia,VINCENTS
Liquidator,344636,0,"MCKINNON, SHAUN CHRISTOPHER",2010-03-23,,APPR,,BRISBANE,QLD,4000,Australia,BDO BUSINESS RESTRUCTURING PTY LTD
Liquidator,494030,0,"MCLEAN, NEIL STEWART",2017-02-20,,APPR,,MELBOURNE,VIC,3000,Australia,RODGERS REIDY
Liquidator,185187,289190,"MCLEOD, JONATHAN PAUL",1999-01-13,2005-06-03,APPR,,BRISBANE CITY,QLD,4000,Australia,DVT MCLEODS
Liquidator,484449,0,"MCMILLEN, TRENT AARON",2016-03-03,,APPR,,WINDSOR,NSW,2756,Australia,MAC INSOLVENCY
Liquidator,471757,0,"MCPHERSON, JAMES STUART",2015-03-24,,APPR,,ADELAIDE,SA,5000,Australia,MEERTENS CHARTERED ACCOUNTANTS
Liquidator,342611,0,"MCVEIGH, DERMOTT JOSEPH",2010-04-01,,APPR,,140 CAMBR,WA,0,Australia,
Liquidator,383871,383872,"MEAGHER, ANNE",2010-11-24,2010-11-26,APPR,,BRISBANE,QLD,4000,Australia,
Liquidator,515161,0,"MELLUISH, JOHN",2019-05-16,,APPR,,SYDNEY,NSW,2000,Australia,
Liquidator,8926,0,"MENTHA, MARK FRANCIS",1990-10-11,,APPR,,MELBOURNE,VIC,3000,Australia,
Liquidator,531165,0,"MEYN, KELLY DALE",2021-10-21,,APPR,,WEST LEEDERVILLE,WA,6007,Australia,AVIOR CONSULTING PTY LTD
Liquidator,456597,0,"MICHELETTO, FABIAN KANE",2014-05-23,,APPR,,MELBOURNE,VIC,3000,Australia,SV PARTNERS
Liquidator,280098,294687,"MICHELL, STEPHEN JOHN",2004-09-08,2005-10-20,APPR,,MELBOURNE,VIC,3000,Australia,PCI PARTNERS
Liquidator,450442,0,"MILLER, SIMON RICHARD",2014-03-20,,APPR,,ADELAIDE,SA,5000,Australia,CLIFTON HALL
Liquidator,490059,0,"MISHRA, GAURAV",2016-08-25,,APPR,,FRASER RISE,VIC,3336,Australia,NESTA ADVISORY PTY LTD
Liquidator,286982,0,"MISKIEWICZ, ANTHONY JAY EDWARD",2005-04-12,,APPR,,TOWNSVILLE,QLD,4810,Australia,KORDAMENTHA PTY LTD
Liquidator,514551,0,"MOHEN, JEROME HALL",2019-07-08,,APPR,,PERTH,WA,6000,Australia,RSM AUSTRALIA PARTNERS
Liquidator,384586,0,"MOORE, DANIEL PETER",2010-10-26,,APPR,,BRISBANE,QLD,4000,Australia,
Liquidator,491882,0,"MOORE, PETER JOHN",2016-12-02,,APPR,,SYDNEY,NSW,2000,Australia,JIRSCH SUTHERLAND & CO
Liquidator,306390,307753,"MORELLI, BRADD WILLIAM",2006-11-10,2006-11-22,APPR,,NEWCASTLE,NSW,2300,Australia,
Liquidator,281857,294598,"MORGAN, BRENT LEIGH",2004-11-17,2005-10-18,APPR,,MELBOURNE,VIC,3000,Australia,RODGERS REIDY
Liquidator,16110,182785,"MORGAN, JOHN MAXWELL",1992-03-03,1998-11-12,APPR,,SYDNEY,NSW,2000,Australia,BCR ADVISORY PTY LTD
Liquidator,14186,0,"MORGAN, RUSSELL HARRY",1990-05-15,,APPR,,PERTH,WA,6000,Australia,
Liquidator,8681,0,"MORROW, JOHN RICHARD",1985-01-10,,APPR,,GLEN WAVERLEY,VIC,3150,Australia,J R MORROW PTY LTD
Liquidator,297335,298151,"MORTON, GAVIN CHARLES",2006-01-13,2006-02-27,APPR,,BRISBANE,QLD,4000,Australia,MORTON & LEE INSOLVENCY
Liquidator,511197,0,"MOS, EMMA MARIE",2019-01-23,,APPR,,NEWCASTLE,NSW,2300,Australia,JIRSCH SUTHERLAND & CO
Liquidator,296668,0,"MOSS, GAVIN",2005-12-13,,APPR,,SYDNEY,NSW,2000,Australia,
Liquidator,526812,0,"MOUAWAD, JOHN",2021-02-25,,APPR,,SYDNEY,NSW,2000,Australia,KORDAMENTHA
Liquidator,557764,0,"MULLEN, MATTHEW JARVIS",2024-07-17,,APPR,,CAIRNS,QLD,4870,Australia,GRANT THORNTON AUSTRALIA LIMITED
Liquidator,5718,5765,"MULVANEY, BRUCE NEIL",1988-08-31,1989-07-10,APPR,,SURREY HILLS,VIC,3127,Australia,
Liquidator,398257,0,"MUSCAT, EDWARD JOHN",2011-03-29,,APPR,,BUNDOORA,VIC,3083,Australia,MAYFIELDS BUSINESS ADVISORS
Liquidator,475226,0,"MUTTON, DAVID MARK",2015-06-23,,APPR,,MELBOURNE,VIC,3000,Australia,DM ADVISORY & CO
Liquidator,317812,343355,"NAIDENOV, STEVEN",2007-10-22,2009-12-18,APPR,,SYDNEY,NSW,2000,Australia,ASTON CHACE GROUP PTY LTD
Liquidator,521848,0,"NAJJAR, MOHAMMAD",2020-07-22,,APPR,,SYDNEY,NSW,2000,Australia,VANGUARD INSOLVENCY AUSTRALIA PTY LTD
Liquidator,536056,0,"NARAYAN, EDWIN SANJESH",2022-02-24,,APPR,,SYDNEY,NSW,2000,Australia,MACKAY GOODWIN PTY LTD
Liquidator,491900,0,"NATKUNARAJAH, NICARSON",2016-11-17,,APPR,,SYDNEY,NSW,2000,Australia,
Liquidator,415146,0,"NAUDI, ROBERT WILLIAM",2011-12-22,,APPR,,ADELAIDE,SA,5000,Australia,RODGERS REIDY (SA) PTY LTD
Liquidator,313685,336074,"NELSON, SIMON PATRICK",2007-07-05,2009-04-02,APPR,,MELBOURNE,VIC,3000,Australia,
Liquidator,207240,0,"NETTLETON, JENNIFER ANNE",2001-01-30,,APPR,,SYDNEY,NSW,2000,Australia,KORDAMENTHA
Liquidator,432812,432813,"NEWMAN, HELEN",2013-02-20,2013-02-20,APPR,,BRISBANE,QLD,4000,Australia,BDO BUSINESS RESTRUCTURING PTY LTD
Liquidator,15963,200106,"NEWMAN, PHILIP",1992-05-26,2000-06-26,APPR,,MELBOURNE,VIC,3000,Australia,PCI PARTNERS
Liquidator,307041,0,"NEWTON, SCOTT ANTHONY",2006-12-11,,APPR,,PORT MACQUARIE,NSW,2444,Australia,SHAW GIDLEY
Liquidator,488623,0,"NICCOL, IAN MALCOLM",2016-07-08,,APPR,,SYDNEY,NSW,2000,Australia,
Liquidator,458518,0,"NICODEMOU, COSTAS ANDREW",2014-08-21,,APPR,,SYDNEY,NSW,2000,Australia,NEWPOINT ADVISORY PTY LIMITED
Liquidator,53003,0,"NICOLS, STEVEN",1992-12-15,,APPR,,SYDNEY,NSW,2000,Australia,NICOLS AND BRIEN BUSINESS RECOVERY PTY LTD
Liquidator,570348,0,"NIELSEN, JACINTA LEE",2025-10-16,,APPR,,MELBOURNE,VIC,3000,Australia,DELOITTE TOUCHE TOHMATSU
Liquidator,321642,0,"NIKITINS, ADAMS PAULS",2008-11-20,,APPR,,MELBOURNE,VIC,3000,Australia,ERNST & YOUNG
Liquidator,485565,0,"NIPPS, JEREMY JOSEPH",2016-04-19,,APPR,,PERTH,WA,6000,Australia,COR CORDIS
Liquidator,302556,0,"NOGUEIRA, PAUL ERIC",2006-08-10,,APPR,,MAROOCHYDORE,QLD,4558,Australia,WORRELLS QLD
Liquidator,296669,0,"NORMAN, TIMOTHY BRYCE",2005-12-14,,APPR,,MELBOURNE,VIC,3000,Australia,DELOITTE SRT PTY LTD
Liquidator,522233,0,"O'BRIEN, COLBY RHYS",2020-06-12,,APPR,,MELBOURNE,VIC,3000,Australia,ERNST & YOUNG
Liquidator,495362,0,"O'BRIEN, DANIEL JOHN",2017-02-28,,APPR,,WOLLONGONG,NSW,2500,Australia,
Liquidator,542363,0,"O'CONNOR-PRICE, GARTH JAMES",2022-11-16,,APPR,,MELBOURNE,VIC,3000,Australia,WILLIAM BUCK (VIC) PTY LTD
Liquidator,488159,0,"O'KEARNEY, GLENN THOMAS",2016-06-23,,APPR,,BUNDALL,QLD,4217,Australia,GT ADVISORY & CONSULTING PTY LTD
Liquidator,560410,0,"O'KEEFE, MATTHEW JOHN",2024-09-25,,APPR,,SYDNEY,NSW,2000,Australia,FTI CONSULTING (AUSTRALIA) PTY LTD
Liquidator,341369,0,"O'KEEFFE, SHANE NORMAN",2009-10-22,,APPR,,CANBERRA,ACT,2600,Australia,MCGRATHNICOL
Liquidator,527817,0,"O'ROURKE, FIONA MARIAN",2021-05-19,,APPR,,HOBART,TAS,7000,Australia,O'ROURKE INSOLVENCY SERVICES PTY LTD
Liquidator,544892,0,"ODRZYWOLSKA, ANNA MARTA",2023-03-15,,APPR,,CARLTON,VIC,3053,Australia,
Liquidator,165257,279645,"OFFERMANS, DENNIS",1996-09-16,2004-09-09,APPR,,NORTH WARD,QLD,4810,Australia,OFFERMANS PARTNERS
Liquidator,277099,0,"OLDE, QUENTIN JAMES",2004-07-02,,APPR,,SYDNEY,NSW,2000,Australia,ANKURA
Liquidator,411762,0,"OLDHAM, GLEN PETER",2011-11-09,,APPR,,BULIMBA,QLD,4171,Australia,OLDHAMS ADVISORY PTY LTD
Liquidator,523807,0,"OLSEN, TRAVIS GRAHAM WILLIAM",2020-09-03,,APPR,,ADELAIDE,SA,5000,Australia,SV PARTNERS SA PTY LTD
Liquidator,505606,0,"ONEILL, FRANCIS JUDE",2018-08-01,,APPR,,MACKAY,QLD,4740,Australia,
Liquidator,523091,0,"ORMSBY, MATTHEW",2020-08-17,,APPR,,ADELAIDE,SA,5000,Australia,SV PARTNERS
Liquidator,480292,0,"ORR, DAVID MICHAEL",2015-10-30,,APPR,,BRISBANE CITY,QLD,4000,Australia,DELOITTE SRT PTY LTD
Liquidator,538129,0,"ORZEL, BRETT KENT ANDREW",2022-05-10,,APPR,,PERTH,WA,6000,Australia,OWS ADVISORY PTY LTD
Liquidator,522937,0,"OSBORNE, DAVID CHRISTOPHER",2020-07-10,,APPR,,SYDNEY,NSW,2000,Australia,KORDAMENTHA
Liquidator,563223,0,"OTAEGUI-CAMPOS, JUAN IGNACIO",2025-03-14,,APPR,,SYDNEY,NSW,2000,Australia,HALL CHADWICK (NSW) PTY LTD
Liquidator,448746,0,"OTWAY, THOMAS STUART",2013-12-23,,APPR,,ADELAIDE,SA,5000,Australia,SV PARTNERS SA PTY LTD
Liquidator,206306,295134,"OWEN, MICHAEL ANDREW",2000-12-15,2005-11-15,APPR,,BRISBANE CITY,QLD,4000,Australia,TENEO FINANCIAL ADVISORY AUSTRALIA PTY LTD
Liquidator,437354,0,"PAINE, DARRIN EDWARD",2013-07-22,,APPR,,NORWEST,NSW,2153,Australia,
Liquidator,480583,0,"PALAGHIA, LUCICA",2015-11-02,,APPR,,MELBOURNE,VIC,3000,Australia,DELOITTE SRT PTY LTD
Liquidator,563804,0,"PALANDRI, JARED TROY",2025-03-17,,APPR,,PERTH,WA,6000,Australia,KORDAMENTHA PTY LTD
Liquidator,4757,4981,"PALMER, CHRISTOPHER JOHN",1983-06-10,1983-12-29,APPR,,SYDNEY,NSW,2000,Australia,O'BRIEN PALMER
Liquidator,196558,229765,"PARK, JOHN RICHARD",2000-03-13,2003-06-04,APPR,,BRISBANE,QLD,4000,Australia,
Liquidator,172866,0,"PARKER, GREGORY JAY",1997-11-13,,APPR,,SYDNEY,NSW,2000,Australia,PARKER INSOLVENCY
Liquidator,166870,197270,"PASCOE, SCOTT DARREN",1997-05-06,2000-04-10,APPR,,SYDNEY,NSW,2000,Australia,
Liquidator,551510,0,"PASFIELD, DAMIEN MARK",2023-10-13,,APPR,,SYDNEY,NSW,2000,Australia,MCGRATHNICOL
Liquidator,544126,0,"PATTINSON, CHRISTOPHER JAMES",2023-03-01,,APPR,,PERTH,WA,6000,Australia,FTI CONSULTING (AUSTRALIA) PTY LTD
Liquidator,194346,0,"PEARCE, MARK WILLIAM",1999-12-23,,APPR,,BRISBANE,QLD,4001,Australia,PEARCE & HEERS
Liquidator,4913,0,"PEILE, ROBERT KENNETH",1986-11-05,,APPR,,CRONULLA,NSW,2230,Australia,
Liquidator,541603,0,"PETRENKO, YULIA",2023-06-05,,APPR,,ADELAIDE,SA,5000,Australia,ORACLE INSOLVENCY SERVICES PTY LTD
Liquidator,315416,319007,"PHILLIPS, ANTHONY JOHN ARTHUR",2007-07-20,2007-11-06,APPR,,ADELAIDE,SA,5000,Australia,
Liquidator,495364,0,"PIRINA, VINCENT JOSEPH",2017-02-24,,APPR,,SYDNEY,NSW,2000,Australia,ASTON CHACE GROUP PTY LTD
Liquidator,556994,0,"PITTORINO, LUKE BENNETT",2024-08-12,,APPR,,SYDNEY,NSW,2000,Australia,ANKURA CONSULTING (AUSTRALIA) PTY LTD
Liquidator,286087,329545,"PLEASH, BLAIR ALEXANDER",2005-04-06,2008-09-09,APPR,,SYDNEY,NSW,2000,Australia,HALL CHADWICK
Liquidator,255777,0,"POGROSKE, TREVOR MARK",2004-02-10,,APPR,,NORTH SYDNEY,NSW,2060,Australia,CRS INSOLVENCY SERVICES AUSTRALIA PTY LTD
Liquidator,411715,411717,"PORTER, JASON LLOYD",2011-11-09,2011-11-09,APPR,,SYDNEY,NSW,2000,Australia,
Liquidator,319005,0,"POULTER, ANDREW WILLIAM",2007-12-03,,APPR,,MELBOURNE,VIC,3000,Australia,
Liquidator,165181,193745,"POWELL, CHRISTOPHER ROBERT",1996-09-02,1999-12-08,APPR,,ADELAIDE,SA,5000,Australia,DUNCAN POWELL
Liquidator,556997,0,"PRACILIO, PAUL JOSEPH",2024-07-25,,APPR,,PERTH,WA,6000,Australia,KORDAMENTHA PTY LTD
Liquidator,555521,0,"PRASAD, RASHNYL RAVINIT",2024-04-08,,APPR,,PARRAMATTA,NSW,2150,Australia,WILLIAM BUCK RESTRUCTURING & INSOLVENCY (NSW) PTY
Liquidator,484323,0,"PREINER, ADAM BERNARD",2016-04-01,,APPR,,SYDNEY,NSW,2000,Australia,INTEGRA RESTRUCTURING & INSOLVENCY
Liquidator,4619,0,"PRENTICE, MAXWELL WILLIAM",1982-12-20,,APPR,,SYDNEY,NSW,2000,Australia,
Liquidator,338011,344177,"PRESTON, JASON",2009-07-10,2010-02-10,APPR,,SYDNEY,NSW,2000,Australia,MCGRATHNICOL
Liquidator,328662,0,"PRIEST, STEVEN JOHN",2008-10-23,,APPR,,WAGGA WAGGA,NSW,2650,Australia,
Liquidator,423915,0,"PRIOR, LEIGH DEVERON",2012-07-20,,APPR,,ADELAIDE,SA,5000,Australia,
Liquidator,504278,0,"PROUT, GREGORY MATHEW",2018-04-04,,APPR,,PERTH,WA,6000,Australia,WA INSOLVENCY SOLUTIONS
Liquidator,433641,0,"PULLEN, TRAVIS JAY",2013-02-04,,APPR,,BRISBANE,QLD,4000,Australia,B&T ADVISORY PTY LTD
Liquidator,210943,0,"PURCHAS, IAN JAMES",2001-06-06,,APPR,,SYDNEY,NSW,2000,Australia,
Liquidator,14905,0,"QUIGLEY, PETER REYMOND",1982-12-13,,APPR,,PERTH,WA,6000,Australia,
Liquidator,211757,295126,"QUIN, DAVID CHARLES",2001-11-26,2005-11-08,APPR,,MELBOURNE,VIC,3000,Australia,PCI PARTNERS
Liquidator,526195,0,"QUIN, GREGORY PAUL",2020-11-27,,APPR,,WEST PERTH,WA,6005,Australia,HLB MANN JUDD INSOLVENCY WA
Liquidator,423873,0,"QUIN, MICHAEL FRANCIS",2012-08-14,,APPR,,MELBOURNE,VIC,3000,Australia,DELOITTE FINANCIAL ADVISORY PTY LTD
Liquidator,500470,0,"QUINLAN, PHILIP ALEXANDER",2017-12-13,,APPR,,SYDNEY,NSW,2000,Australia,
Liquidator,549283,0,"QUINN, ANDREW JAMES",2023-09-06,,APPR,,BRISBANE,QLD,4000,Australia,MACKAY GOODWIN PTY LTD
Liquidator,429520,0,"QUINN, DANIEL JON",2012-11-26,,APPR,,NEWCASTLE,NSW,2300,Australia,SV PARTNERS
Liquidator,560424,0,"RABBITT, RYAN NATHAN",2024-09-04,,APPR,,SYDNEY,NSW,2000,Australia,KORDAMENTHA PTY LTD
Liquidator,56750,177504,"RAMBALDI, GESS MICHAEL",1993-10-07,1998-04-14,APPR,,DOCKLANDS,VIC,3008,Australia,PITCHER PARTNERS
Liquidator,404406,0,"RAPSEY, CHAD ROBERT",2011-06-23,,APPR,,NEWCASTLE,NSW,2300,Australia,RAPSEY GRIFFITHS PTY LTD
Liquidator,8873,0,"RATHNER, GIDEON ISAAC",1990-01-31,,APPR,,MELBOURNE,VIC,3004,Australia,LOWE LIPPMANN
Liquidator,532737,0,"REFALO, JOHN",2021-08-24,,APPR,,SYDNEY,NSW,2000,Australia,
Liquidator,338595,0,"REID, STUART GEORGE",2009-08-24,,APPR,,WOOLNER,NT,820,Australia,RODGERS REIDY (NT) PTY LTD
Liquidator,193405,0,"REIDY, GEOFFREY PHILIP",1999-11-23,,APPR,,SYDNEY,NSW,2000,Australia,RODGERS REIDY
Liquidator,432261,0,"RESNICK, ANTONY",2013-01-04,,APPR,,PARRAMATTA,NSW,2150,Australia,DVT MCLEODS
Liquidator,339581,0,"RICHARDS, BRENDAN JOHN",2009-09-11,,APPR,,DOCKLANDS,VIC,3008,Australia,
Liquidator,494575,0,"ROBB, JOSHUA-LEE",2017-02-28,,APPR,,NEWCASTLE,NSW,2300,Australia,SV PARTNERS
Liquidator,523580,0,"ROBBA, JAMES ANDREW",2020-08-12,,APPR,,ROBINA,QLD,4226,Australia,WORRELLS QLD
Liquidator,212300,0,"ROBINSON, MARK JULIAN",2001-08-09,,APPR,,SYDNEY,NSW,2000,Australia,FORT RESTRUCTURING PTY LTD
Liquidator,562268,0,"ROBINSON, PHILIP ANDREW",2024-11-25,,APPR,,PARRAMATTA,NSW,2150,Australia,DELOITTE TOUCHE TOHMATSU
Liquidator,351222,0,"ROBSON, WILLIAM ROLAND",2010-06-10,,APPR,,WOOLLOONGABBA,QLD,4102,Australia,
Liquidator,560877,0,"ROCA, ADRIAN",2024-11-06,,APPR,,MELBOURNE,VIC,3000,Australia,SMB ADVISORY PTY LTD
Liquidator,157073,0,"ROCKE, CLIFFORD STUART",1995-09-27,,APPR,,PERTH,WA,6000,Australia,
Liquidator,322875,324382,"ROHRT, RICHARD TRYGVE",2008-04-01,2008-05-02,APPR,,MELBOURNE,VIC,3000,Australia,
Liquidator,316087,0,"ROSE, TERRENCE JOHN",2007-08-24,,APPR,,BRISBANE,QLD,4000,Australia,SV PARTNERS
Liquidator,333691,0,"ROSS, DAVID ANTHONY",2009-05-14,,APPR,,ASCOT VALE,VIC,3032,Australia,
Liquidator,71359,176118,"ROUFEIL, MARK DAMIAN CHARLES",1994-03-03,1998-02-05,APPR,,SYDNEY,NSW,2000,Australia,PKF(NS) BRI HOLDINGS PTY LTD
Liquidator,453850,0,"ROWLEY, RICHARD JAMES",2014-03-18,,APPR,,CLOVELLY,NSW,2031,Australia,ROWLEY CONSULTING
Liquidator,56883,0,"RUDAKS, MARIS ANDRIS",1993-06-28,,APPR,,ADELAIDE,SA,5000,Australia,BRI FERRIER ADELAIDE PTY LTD
Liquidator,439994,0,"RUHE, ALICE FAY",2013-06-14,,APPR,,BRISBANE CITY,QLD,4000,Australia,THE RUHE GROUP PTY LTD
Liquidator,56688,170510,"RYAN, MICHAEL JOSEPH",1993-03-19,1997-06-24,APPR,,PERTH,WA,6000,Australia,
Liquidator,391968,0,"SALLWAY, ANDREW THOMAS",2011-01-13,,APPR,,SYDNEY,NSW,2000,Australia,
Liquidator,449482,0,"SAMPSON, DAVID HENRY",2014-02-21,,APPR,,SYDNEY,NSW,2000,Australia,BPS RECOVERY
Liquidator,155400,0,"SANDERSON, CLIFFORD JOHN",1995-08-28,,APPR,,SYDNEY,NSW,2000,Australia,DISSOLVE PTY LTD
Liquidator,543045,0,"SCHIERHUBER, BENJAMIN",2022-11-03,,APPR,,CAIRNS,QLD,4870,Australia,BDO (NTH QLD) PTY LTD
Liquidator,364901,0,"SCHWARZ, ANDREW PETER",2010-08-19,,APPR,,MELBOURNE,VIC,3000,Australia,A.S. ADVISORY PTY LTD
Liquidator,514218,0,"SCHWARZ, NATHAN KARL",2019-06-27,,APPR,,ADELAIDE,SA,5000,Australia,ASCOT LANE FINANCIAL SERVICES PTY LTD
Liquidator,15856,0,"SCOTT, ALAN GEOFFREY",1992-04-22,,APPR,,ADELAIDE,SA,5000,Australia,SV PARTNERS SA PTY LTD
Liquidator,450451,450452,"SCOTT, ANDREW JOHN",2014-02-13,2014-02-13,APPR,,SYDNEY,NSW,2000,Australia,TENEO
Liquidator,8855,70686,"SECATORE, BRUNO ANTHONY ROBERT",1989-09-25,1994-03-09,APPR,,MELBOURNE,VIC,3000,Australia,SSB ADVISORY PTY LTD
Liquidator,536224,0,"SEECKTS, SARAH EMILY",2022-04-21,,APPR,,DOCKLANDS,VIC,3008,Australia,KPMG AUSTRALIAN SERVICES PTY LTD
Liquidator,530041,0,"SELLAHEWA, SAMANTHA RANGIKA",2021-05-19,,APPR,,WOOLNER,NT,820,Australia,RODGERS REIDY (NT) PTY LTD
Liquidator,15904,171288,"SENATORE, EZIO MARCO",1992-03-18,1997-11-14,APPR,,GRIFFITH,ACT,2603,Australia,SENATORE PTY LIMITED
Liquidator,565278,0,"SEQUEIRA, CHRISTOPHER PETER",2025-06-26,,APPR,,MELBOURNE,VIC,3000,Australia,WEXTED ADVISORS
Liquidator,533861,0,"SEWELL, BENJAMIN NOEL",2023-03-31,,APPR,,SYDNEY,NSW,2000,Australia,MACKAY GOODWIN PTY LTD
Liquidator,309872,331123,"SHANAHAN, JOHN GERVASE",2007-05-28,2008-10-23,APPR,,BRISBANE,QLD,4000,Australia,HALL CHADWICK
Liquidator,285941,0,"SHANNON, GLENN MICHAEL",2005-03-10,,APPR,,BRISBANE,QLD,4000,Australia,
Liquidator,430749,430750,"SHAW, CAMERON HUGH",2012-12-07,2012-12-07,APPR,,PERTH,WA,6000,Australia,HALL CHADWICK
Liquidator,172869,206278,"SHAW, JAMES ALEXANDER",1997-12-03,2000-12-14,APPR,,CHARLESTOWN,NSW,2290,Australia,SHAW GIDLEY
Liquidator,5735,5769,"SHEAHAN, JOHN",1985-01-17,1988-10-17,APPR,,ADELAIDE,SA,5000,Australia,SHEAHAN LOCK PARTNERS
Liquidator,531025,0,"SHEAHAN, OLIVER JOHN DONALDSON",2021-07-01,,APPR,,ADELAIDE,SA,5000,Australia,SHEAHAN LOCK PARTNERS PTY LTD
Liquidator,212426,0,"SHEPARD, ADAM",2001-11-16,,APPR,,SYDNEY,NSW,2000,Australia,HM ADVISORY PTY LTD
Liquidator,222320,295714,"SHEPARD, CRAIG PETER",2002-08-13,2005-12-09,APPR,,MELBOURNE,VIC,3000,Australia,KORDAMENTHA
Liquidator,434639,0,"SHUTE, JEFFREY ALLAN",2013-03-04,,APPR,,CHARLESTOWN,NSW,2290,Australia,
Liquidator,479547,479551,"SIJABAT, LOUISA MENG LI",2015-10-16,2015-10-16,APPR,,SYDNEY,NSW,2000,Australia,MERCHANTS ADVISORY AUSTRALIA PTY LTD
Liquidator,4614,0,"SILVIA, BRIAN RAYMOND",1982-12-20,,APPR,,SYDNEY,NSW,2000,Australia,CASCAP ADVISORY PTY LTD
Liquidator,552084,0,"SIU, ALEXANDER MAN CHUN",2024-01-03,,APPR,,SYDNEY,NSW,2000,Australia,HALL CHADWICK
Liquidator,521204,0,"SKINNER, DANE",2020-04-20,,APPR,,SYDNEY,NSW,2000,Australia,RAFT CONSULTING
Liquidator,165873,0,"SLAVEN, MICHAEL EDWARD",1996-11-06,,APPR,,DICKSON,ACT,2602,Australia,SLAVEN TORLINE
Liquidator,461377,0,"SLEIMAN, JOSEPH",2015-08-04,,APPR,,KILLARA,NSW,2071,Australia,
Liquidator,212710,0,"SMITH, ANDREW LESLIE",2001-10-09,,APPR,,COPACABANA,NSW,2251,Australia,
Liquidator,482014,0,"SMITH, ANDREW MICHAEL",2016-02-29,,APPR,,WEST PERTH,WA,6005,Australia,
Liquidator,16372,71735,"SMITH, ANTHONY STEVENS",1992-08-21,1994-01-27,APPR,,ADELAIDE,SA,5000,Australia,ERNST & YOUNG
Liquidator,544255,0,"SMITH, LINDA METHVEN",2023-03-10,,APPR,,PERTH,WA,6000,Australia,MCGRATHNICOL
Liquidator,212105,0,"SMITH, LORRAINE DEBORAH",2001-07-17,,APPR,,BRISBANE CITY,QLD,4000,Australia,SV PARTNERS
Liquidator,564950,0,"SMITH, MELISSA JOY",2025-03-28,,APPR,,BRISBANE CITY,QLD,4000,Australia,MCGRATHNICOL
Liquidator,495363,0,"SMITH, PAULA LAUREN",2017-02-24,,APPR,,PERTH,WA,6000,Australia,RODGERS REIDY
Liquidator,494614,0,"SMITH, ROBERT BRUCE",2017-02-20,,APPR,,MELBOURNE,VIC,3000,Australia,MCGRATHNICOL+PARTNERS
Liquidator,183154,0,"SMITH, VINCENT ANTHONY",1998-11-25,,APPR,,PERTH,WA,6000,Australia,ERNST & YOUNG
Liquidator,413531,413532,"SOIRE, DANIEL ROBERT",2012-02-06,2012-02-06,APPR,,SYDNEY,NSW,2000,Australia,JONES PARTNERS INSOLVENCY & RESTRUCTURING
Liquidator,441143,0,"SOWAID, AHMED",2013-08-07,,APPR,,SYDNEY,NSW,2000,Australia,O'BRIEN PALMER
Liquidator,502559,0,"SOZOU, KATHERINE",2018-02-02,,APPR,,SYDNEY,NSW,2000,Australia,MCGRATHNICOL
Liquidator,166884,0,"SPARKS, GRANT DENE",1997-01-06,,APPR,,BRISBANE CITY,QLD,4000,Australia,ALVAREZ & MARSAL AUSTRALIA
Liquidator,172969,474340,"SPENCER, DAVID RAYMOND",1997-11-26,2015-03-31,APPR,,FREMANTLE,WA,6160,Australia,BUSINESS & INSOLVENCY SOLUTIONS PTY LTD
Liquidator,394122,0,"SPOONER, GLENN JOHN",2011-01-19,,APPR,,MELBOURNE,VIC,3000,Australia,SSB ADVISORY
Liquidator,401168,401169,"SPRING, ANDREW JOHN",2011-04-28,2011-04-28,APPR,,SYDNEY,NSW,2000,Australia,JIRSCH SUTHERLAND & CO
Liquidator,440736,0,"SPROWLES, CHRISTIAN",2013-06-21,,APPR,,SYDNEY,NSW,2000,Australia,
Liquidator,442228,0,"STAATZ, STEVEN NEVILLE",2013-08-09,,APPR,,BRISBANE,QLD,4000,Australia,
Liquidator,289632,0,"STEEDMAN, TRISTANA JANE",2005-06-16,,APPR,,MELBOURNE,VIC,3000,Australia,RSM AUSTRALIA PARTNERS
Liquidator,69930,0,"STEWART, JAMES HENRY",1994-03-18,,SUSP,2025-08-15,DOCKLANDS,VIC,3008,Australia,KPMG AUSTRALIA
Liquidator,236579,297252,"STIMPSON, DAVID MICHAEL",2003-11-13,2006-01-11,APPR,,BRISBANE,QLD,4000,Australia,SV PARTNERS PTY LTD
Liquidator,541553,0,"STOJIC, ALEKSANDAR",2022-10-25,,APPR,,BRISBANE CITY,QLD,4000,Australia,
Liquidator,415666,0,"STONE, JASON GLENN",2012-03-23,,APPR,,MELBOURNE,VIC,3000,Australia,
Liquidator,326052,326053,"STONE, RICHARD",2008-10-01,2008-10-08,APPR,,SYDNEY,NSW,2000,Australia,RSM AUSTRALIA PARTNERS
Liquidator,322301,0,"STRAWBRIDGE, VAUGHAN NEIL",2008-06-25,,APPR,,SYDNEY,NSW,2000,Australia,FTI CONSULTING
Liquidator,199876,309454,"STRAZDINS, ANDREJS JANIS",2000-06-15,2007-01-24,APPR,,ADELAIDE,SA,5000,Australia,BRI FERRIER ADELAIDE PTY LTD
Liquidator,519037,0,"STUBING, NATHAN THOMAS KIRKHAM",2020-03-06,,SUSP,2023-12-02,PERTH,WA,6000,Australia,FTI CONSULTING (AUSTRALIA) PTY LTD
Liquidator,564946,0,"SUTHERLAND, IAN PHILLIP",2025-03-18,,APPR,,DOCKLANDS,VIC,3008,Australia,KPMG
Liquidator,494427,0,"SWEENY, MATTHEW BRIAN",2017-02-16,,APPR,,MELBOURNE,VIC,3000,Australia,
Liquidator,501085,0,"TALIC, NEDIN",2017-11-30,,APPR,,MELBOURNE,VIC,3000,Australia,CHARLES & CO
Liquidator,423462,0,"TANG, JASON BING-FAI",2012-08-23,,APPR,,SYDNEY,NSW,2000,Australia,
Liquidator,509802,0,"TAPLIN, JAMES LEONARD EATON",2018-11-19,,APPR,,BRISBANE,QLD,4000,Australia,BRI FERRIER SOUTHERN QUEENSLAND
Liquidator,412404,0,"TAY, LIYAN",2012-02-13,,APPR,,BRISBANE,QLD,4000,Australia,VINCENTS CHARTERED ACCOUNTANTS
Liquidator,5742,0,"TAYLOR, AUSTIN R.M.",1987-06-04,,APPR,,ADELAIDE,SA,5000,Australia,MEERTENS
Liquidator,477,0,"TAYLOR, BARRY ANTHONY",1984-02-03,,APPR,,SYDNEY,NSW,2000,Australia,
Liquidator,489753,0,"TAYLOR, JOSHUA PHILIP",2016-10-24,,APPR,,ROSEVILLE,NSW,2069,Australia,TAYLOR INSOLVENCY
Liquidator,475966,0,"TAYLOR, SAMANTHA ADELE",2015-05-26,,APPR,,HAMPTON EAST,VIC,3188,Australia,
Liquidator,494027,0,"TE WIERIK, BEN ROBERT",2017-02-06,,APPR,,GEELONG,VIC,3220,Australia,BTW ADVISORY
Liquidator,313,0,"TEN BENSEL, ROBERT EDWARD JOHN",1988-02-19,,APPR,,HOBART,TAS,7000,Australia,
Liquidator,513701,0,"TENG, DESMOND WEI LIANG",2019-11-12,,APPR,,SYDNEY,NSW,2000,Australia,
Liquidator,308015,0,"THACKRAY, JAMES GERARD",2006-12-21,,APPR,,SWANBOURNE,WA,6010,Australia,
Liquidator,480615,0,"THAGGARD, MALI AGNES KAINONA",2015-11-05,,SUSP,2025-01-24,BALMAIN,NSW,2041,Australia,AUSTRALIA BUSINESS RESCUE PTY LTD
Liquidator,305769,0,"THEOBALD, SIMON GUY",2006-09-29,,APPR,,MELBOURNE,VIC,3000,Australia,TENEO
Liquidator,333905,0,"THOMSON, ROSS STEPHEN",2009-02-18,,APPR,,SUBIACO,WA,6008,Australia,
Liquidator,448360,0,"THORN, SIMON JOHN",2013-11-29,,APPR,,NEWCASTLE WEST,NSW,2302,Australia,PKF(NS) BRI HOLDINGS PTY LTD
Liquidator,315132,315133,"TONKS, BRADLEY JOHN",2007-08-09,2007-08-09,APPR,,SYDNEY,NSW,2000,Australia,PKF(NS) BRI HOLDINGS PTY LTD
Liquidator,297502,0,"TOPP, ALAN GODFREY",2006-01-23,,APPR,,SYDNEY,NSW,2000,Australia,
Liquidator,462455,0,"TORLINE, AARON BOYD",2014-09-08,,APPR,,DICKSON,ACT,2602,Australia,SLAVEN TORLINE
Liquidator,429179,448869,"TRACY, JASON MARK",2012-10-29,2013-11-29,APPR,,SYDNEY,NSW,2000,Australia,DELOITTE SRT PTY LTD
Liquidator,458321,0,"TRAFFORD-JONES, THYGE",2014-06-18,,APPR,,SYDNEY,NSW,2000,Australia,TTJ ADVISORY
Liquidator,14182,0,"TRAVAGLINI, DINO",1989-02-14,,APPR,,WEST PERTH,WA,6005,Australia,TRAVAGLINI CORPORATE ADVISORY
Liquidator,310779,328379,"TRENFIELD, KELLY-ANNE LAVINA",2007-03-29,2008-08-18,APPR,,BRISBANE,QLD,4000,Australia,
Liquidator,457558,0,"TRIBUT, MATHIEU",2014-07-18,,APPR,,PERTH,WA,6000,Australia,
Liquidator,541551,0,"TRIM, DAVID MASON",2022-09-19,,APPR,,ADELAIDE,SA,5000,Australia,HALL CHADWICK (NSW) PTY LTD
Liquidator,404963,0,"TRIMBOLI, CLAUDIO",2011-06-14,,APPR,,MELBOURNE,VIC,3000,Australia,
Liquidator,486374,0,"TRPCEVSKI, JIMMY",2016-05-17,,APPR,,PERTH,WA,6000,Australia,WA INSOLVENCY SOLUTIONS
Liquidator,475963,0,"TUCKER, RICHARD SCOTT",2015-07-30,,APPR,,PERTH,WA,6000,Australia,
Liquidator,194485,0,"TURNER, SCOTT CAMERON",2000-01-11,,APPR,,SURRY HILLS,NSW,2010,Australia,
Liquidator,552782,0,"TZIOTIS, MARTIE MAREE",2023-12-14,,APPR,,SYDNEY,NSW,2000,Australia,ERNST & YOUNG
Liquidator,439993,0,"UEBERGANG, MARK STEWART",2013-08-08,,APPR,,MELBOURNE,VIC,3000,Australia,KORDAMENTHA PTY LTD
Liquidator,56818,159701,"VAN DER VELDE, TERRY GRANT",1993-04-27,1996-03-05,APPR,,BRISBANE,QLD,4000,Australia,SV PARTNERS PTY LTD
Liquidator,454592,0,"VAN DISSEL, MICHAEL DIRK HAWKER",2014-04-15,,APPR,,ADELAIDE,SA,5000,Australia,BERNARDI MARTIN
Liquidator,364898,0,"VARDY, DARREN JOHN",2011-04-15,,APPR,,CARINGBAH,NSW,2229,Australia,INSOLVENCY OPTIONS PTY LTD
Liquidator,8838,80322,"VARTELAS, PAUL",1989-07-03,1995-02-17,APPR,,MELBOURNE,VIC,3004,Australia,
Liquidator,193473,303220,"VASUDEVAN, DAVID RAJ",1999-11-25,2006-07-27,APPR,,DOCKLANDS,VIC,3008,Australia,PITCHER PARTNERS
Liquidator,435718,0,"VAUGHAN, STEPHEN ERNEST",2013-03-22,,APPR,,SYDNEY,NSW,2000,Australia,
Liquidator,426790,0,"VERNEY, BEN CHARLES",2012-09-28,,APPR,,MELBOURNE,VIC,3000,Australia,GREY HOUSE PARTNERS PTY. LTD.
Liquidator,277491,297780,"VICKERS, DERRICK CRAIG",2004-06-21,2006-02-01,APPR,,BRISBANE CITY,QLD,4000,Australia,TENEO FINANCIAL ADVISORY AUSTRALIA PTY LTD
Liquidator,4931,0,"VOURIS, JOHN",1988-10-04,,APPR,,SYDNEY,NSW,2000,Australia,
Liquidator,455318,0,"VOURIS, KATHLEEN ELIZABETH",2014-04-17,,APPR,,SYDNEY,NSW,2000,Australia,HALL CHADWICK
Liquidator,199594,475224,"VRKIC, DANNY TONY",2000-06-05,2015-05-19,APPR,,WOLLONGONG,NSW,2500,Australia,DV RECOVERY MANAGEMENT
Liquidator,288992,0,"VRSECKY, PETR",2005-05-26,,APPR,,MELBOURNE,VIC,3000,Australia,
Liquidator,420880,0,"WALKER, ALAN LEE",2012-07-25,,APPR,,SYDNEY,NSW,2000,Australia,WLP RESTRUCTURING
Liquidator,398308,0,"WALLEY, DANIEL AUSTIN",2011-06-14,,APPR,,SYDNEY,NSW,2000,Australia,TENEO
Liquidator,14183,0,"WALLMAN, KIMBERLEY STUART",1989-10-04,,APPR,,WEST PERTH,WA,6005,Australia,HLB MANN JUDD (INSOLVENCY WA)
Liquidator,217320,0,"WALSH, JUSTIN DENIS",2002-03-08,,APPR,,BRISBANE CITY,QLD,4000,Australia,
Liquidator,480975,0,"WALSH, MARTIN GREGORY",2015-11-25,,APPR,,NORTH SYDNEY,NSW,2060,Australia,
Liquidator,535180,0,"WANG, SICHU",2022-01-21,,APPR,,SYDNEY,NSW,2000,Australia,RODGERS REIDY (NSW) PTY LIMITED
Liquidator,545259,0,"WANG, WENJIE",2023-03-16,,APPR,,SYDNEY,NSW,2000,Australia,
Liquidator,354142,0,"WARD, ADAM FRANCIS",2010-06-08,,APPR,,IPSWICH,QLD,4305,Australia,WORRELLS QLD
Liquidator,351104,0,"WARD, GRAHAME ROBERT",2010-04-28,,APPR,,SYDNEY,NSW,2000,Australia,
Liquidator,226457,0,"WARNER, ANTHONY JOHN",2003-02-26,,APPR,,NORTH SYDNEY,NSW,2060,Australia,CRS INSOLVENCY SERVICES AUSTRALIA PTY LTD
Liquidator,481671,0,"WARRY, ADRIAN JOHN",2016-02-03,,APPR,,HAWTHORN EAST,VIC,3123,Australia,DYE & CO
Liquidator,291897,0,"WARWICK, KATHRYN",2005-08-15,,APPR,,MELBOURNE,VIC,3000,Australia,FTI CONSULTING
Liquidator,493492,0,"WATTERS, MARCUS JON",2017-02-03,,APPR,,BRISBANE,QLD,4000,Australia,HALL CHADWICK
Liquidator,457865,0,"WEATHERLEY, ANDREW BRIAN",2014-08-04,,APPR,,BRISBANE CITY,QLD,4000,Australia,WCT ADVISORY GROUP PTY LTD
Liquidator,407817,0,"WEBB, DAVID MICHAEL",2011-08-15,,APPR,,PEAKHURST HEIGHTS,NSW,2210,Australia,
Liquidator,349403,0,"WEBSTER, BRYAN",2010-06-25,,APPR,,MELBOURNE,VIC,3000,Australia,
Liquidator,418501,0,"WENGEL, SEAN MAGNUS",2012-03-30,,APPR,,SYDNEY,NSW,2000,Australia,
Liquidator,68746,225523,"WESTON, PAUL GERARD",1993-12-01,2003-01-16,APPR,,SYDNEY,NSW,2000,Australia,
Liquidator,409041,0,"WHITE, HAYDEN LEIGH",2011-08-29,,APPR,,PERTH,WA,6000,Australia,FTI CONSULTING (AUSTRALIA) PTY LTD
Liquidator,4928,0,"WHITTINGHAM, KENNETH MICHAEL",1988-03-10,,APPR,,SYDNEY,NSW,2000,Australia,FORT RESTRUCTURING PTY LIMITED
Liquidator,16241,66335,"WHITTON, ROBERT WILLIAM",1992-09-03,1994-07-26,APPR,,SYDNEY,NSW,2000,Australia,WILLIAM BUCK BUSINESS RECOVERY SERVICES (NSW) PTY
Liquidator,522335,0,"WIGGINS, LARA LUISA",2020-06-03,,APPR,,MELBOURNE,VIC,3000,Australia,KORDAMENTHA
Liquidator,437505,0,"WIGHT, BARRY",2013-06-18,,APPR,,MELBOURNE,VIC,3000,Australia,COR CORDIS
Liquidator,230012,295207,"WILLIAMS, JULIE ANN",2004-04-23,2005-11-04,APPR,,MOLENDINAR,QLD,4214,Australia,
Liquidator,542780,0,"WOLLINSKI, NICHOLAS STEPHEN",2022-12-09,,APPR,,MELBOURNE,VIC,3000,Australia,HALL CHADWICK
Liquidator,547207,0,"WOODCROFT, CAMERON JOHN",2023-05-24,,APPR,,BRISBANE,QLD,4000,Australia,
Liquidator,4937,0,"WOODGATE, GILES GEOFFREY",1989-09-22,,APPR,,SYDNEY,NSW,2000,Australia,
Liquidator,500854,0,"WOODHOUSE, DANIEL HILLSTON",2018-01-11,,APPR,,PERTH,WA,6000,Australia,FTI CONSULTING
Liquidator,448144,448146,"WOODS, MATTHEW DAVID",2014-03-18,2014-03-18,APPR,,PERTH,WA,6000,Australia,KPMG
Liquidator,421354,0,"WOODS, ROBERT",2012-07-26,,APPR,,MELBOURNE,VIC,3000,Australia,DELOITTE SRT PTY LTD
Liquidator,557164,0,"WORRELL, ANDREW IVOR THOMAS",2024-07-02,,APPR,,IPSWICH,QLD,4305,Australia,WORRELLS (QLD) PTY LTD
Liquidator,544677,0,"WRIGHT, ANTHONY PHILLIP",2023-03-17,,APPR,,SYDNEY,NSW,2000,Australia,
Liquidator,326586,0,"WRIGHT, KYLIE MAREE",2009-01-07,,APPR,,MELBOURNE,VIC,3000,Australia,PCI PARTNERS PTY LTD
Liquidator,554413,0,"XU, JIALAN",2024-02-23,,APPR,,THE ROCKS,NSW,2000,Australia,GRANT THORNTON AUSTRALIA LIMITED
Liquidator,227918,287812,"YEO, ANDREW REGINALD",2003-04-17,2005-04-29,APPR,,DOCKLANDS,VIC,3008,Australia,PITCHER PARTNERS
Liquidator,548654,0,"YOUNG, VICTORIA MAY",2023-07-14,,APPR,,ADELAIDE,SA,5000,Australia,HEARD PHILLIPS LIEBERENZ PTY LTD
Liquidator,436635,0,"ZEIDAN, AHMAD",2013-06-21,,APPR,,SYDNEY,NSW,2000,Australia,A2Z INSOLVENCY SOLUTIONS
